constituency_id,state,demographic,result_2011,turnout_2011,margin_2011,swing_2011,result_2016,turnout_2016,margin_2016,swing_2016,result_2021,turnout_2021,margin_2021,swing_2021,turnout_change_16,turnout_change_21,margin_change_16,margin_change_21,seat_flip_16,seat_flip_21,retained_2021,demographic_encoded,state_encoded,result_2016_encoded
AS-AC0001,Assam,Semi-Urban,AGP,81.33,12.4445,15.2303,AGP,80.39,10.7586,-2.3415,AGP,79.46,9.0728,-2.3414,-0.9399999999999977,-0.9300000000000068,-1.6859000000000002,-1.6857999999999986,0,0,1,1,0,0
PU-AC0002,Puducherry,Rural,INC,74.99,3.1702,-5.2517,INC,72.71,-0.9437,-5.7138,DMK,69.01,-7.5971,-9.2408,-2.280000000000001,-3.6999999999999886,-4.1139,-6.6534,0,1,0,2,2,7
KE-AC0003,Kerala,Rural,LDF,78.09,32.5259,-1.6387,LDF,72.18,21.8963,-14.7633,LDF,78.13,32.6026,14.8698,-5.909999999999997,5.949999999999989,-10.6296,10.706300000000002,0,0,1,2,1,8
KE-AC0004,Kerala,Semi-Urban,UDF,77.03,14.9007,19.1277,INC,68.92,0.3083,-20.2672,INC,73.4,8.3682,11.1942,-8.11,4.480000000000004,-14.592400000000001,8.059899999999999,1,0,1,1,1,7
AS-AC0005,Assam,Rural,INC,75.7,-3.6271,-10.5771,INC,78.99,2.2952,8.2254,AGP,74.11,-6.4949,-12.2084,3.289999999999992,-4.8799999999999955,5.9223,-8.7901,0,1,0,2,0,7
PU-AC0006,Puducherry,Semi-Urban,INC,76.62,9.8812,8.8176,BJP,72.58,2.6158,-10.0909,AINRC,66.25,-8.7839,-15.8329,-4.040000000000006,-6.329999999999998,-7.2654,-11.3997,1,1,0,1,2,4
WE-AC0007,West Bengal,Rural,TMC,74.88,12.4132,1.3443,TMC,77.21,16.6045,5.8212,TMC,80.76,22.9963,8.8775,2.3299999999999983,3.5500000000000114,4.191300000000002,6.3918,0,0,1,2,4,9
KE-AC0008,Kerala,Urban,BJP,56.57,1.9882,-3.0921,BJP,57.89,4.3733,3.3126,BJP,61.79,11.3972,9.7555,1.3200000000000003,3.8999999999999986,2.3851000000000004,7.023899999999999,0,0,1,0,1,4
PU-AC0009,Puducherry,Rural,INC,85.36,13.1283,2.9656,INC,81.21,5.6559,-10.3783,INC,80.91,5.1101,-0.758,-4.150000000000006,-0.29999999999999716,-7.4723999999999995,-0.5457999999999998,0,0,1,2,2,7
PU-AC0010,Puducherry,Rural,INC,86.08,12.4714,15.6464,DMK,75.6,-6.3908,-26.1975,DMK,78.89,-0.4731,8.219,-10.480000000000004,3.2900000000000063,-18.862199999999998,5.9177,1,0,0,2,2,6
WE-AC0011,West Bengal,Rural,CPIM,84.59,12.4068,0.19,CPIM,82.46,8.559,-5.3442,TMC,76.48,-2.2054,-14.9505,-2.1300000000000097,-5.97999999999999,-3.847800000000001,-10.764399999999998,0,1,0,2,4,5
KE-AC0012,Kerala,Rural,INC,85.05,12.3341,8.9663,INC,82.61,7.9398,-6.1032,INC,81.35,5.6634,-3.1617,-2.4399999999999977,-1.2600000000000051,-4.394299999999999,-2.2763999999999998,0,0,1,2,1,7
AS-AC0013,Assam,Rural,BJP,81.28,25.3922,7.5079,BJP,79.97,23.0333,-3.2763,BJP,76.53,16.8298,-8.616,-1.3100000000000023,-3.4399999999999977,-2.3588999999999984,-6.203500000000002,0,0,1,2,0,4
WE-AC0014,West Bengal,Rural,BJP,73.62,6.7847,-5.0664,CPIM,68.38,-2.6469,-13.0995,CPIM,80.16,18.5475,29.4366,-5.240000000000009,11.780000000000001,-9.4316,21.194399999999998,1,0,1,2,4,5
KE-AC0015,Kerala,Rural,UDF,90.13,28.513,1.7458,UDF,91.16,30.3674,2.5755,UDF,90.86,29.8314,-0.7445,1.0300000000000011,-0.29999999999999716,1.8543999999999983,-0.5360000000000014,0,0,1,2,1,10
TA-AC0016,Tamil Nadu,Rural,DMK,77.45,9.5271,-0.8417,DMK,82.4,18.4336,12.3702,DMK,76.7,8.163,-14.2648,4.950000000000003,-5.700000000000003,8.906499999999998,-10.270599999999998,0,0,1,2,3,6
AS-AC0017,Assam,Rural,INC,95.0,10.7897,10.5159,INC,94.14,9.2466,-2.1432,AGP,91.39,4.2844,-6.8919,-0.8599999999999994,-2.75,-1.543099999999999,-4.962200000000001,0,1,0,2,0,7
PU-AC0018,Puducherry,Rural,BJP,91.7,17.1043,21.9046,BJP,87.73,9.9724,-9.9054,BJP,85.47,5.8951,-5.663,-3.969999999999999,-2.260000000000005,-7.131899999999998,-4.0773,0,0,1,2,2,4
AS-AC0019,Assam,Rural,AGP,78.58,-0.099,-3.6554,AGP,81.18,4.5744,6.4909,AIUDF,76.29,-4.2303,-12.2287,2.6000000000000085,-4.890000000000001,4.6734,-8.8047,0,1,0,2,0,0
TA-AC0020,Tamil Nadu,Semi-Urban,BJP,81.34,16.808,8.7332,BJP,82.16,18.2887,2.0565,BJP,76.39,7.8956,-14.4348,0.8199999999999932,-5.769999999999996,1.4806999999999988,-10.393099999999999,0,0,1,1,3,4
AS-AC0021,Assam,Urban,AIUDF,63.58,20.8598,3.7777,AIUDF,63.83,21.3121,0.6282,AIUDF,65.83,24.9236,5.016,0.25,2.0,0.45230000000000103,3.6114999999999995,0,0,1,0,0,3
WE-AC0022,West Bengal,Urban,CPIM,67.97,21.8939,4.7171,CPIM,66.83,19.8384,-2.8549,CPIM,71.09,27.5085,10.6529,-1.1400000000000006,4.260000000000005,-2.0554999999999986,7.6701000000000015,0,0,1,0,4,5
KE-AC0023,Kerala,Semi-Urban,LDF,79.68,31.4644,11.0269,LDF,72.28,18.1458,-18.498,LDF,76.95,26.5599,11.6863,-7.400000000000006,4.670000000000002,-13.3186,8.414099999999998,0,0,1,1,1,8
PU-AC0024,Puducherry,Rural,INC,71.55,-11.381,-19.3457,AINRC,72.15,-10.2963,1.5066,INC,72.09,-10.4094,-0.1571,0.6000000000000085,-0.060000000000002274,1.0846999999999998,-0.11309999999999931,1,1,0,2,2,2
AS-AC0025,Assam,Rural,INC,88.17,13.588,9.5841,INC,89.84,16.5985,4.1812,AIUDF,82.3,3.0155,-18.8653,1.6700000000000017,-7.540000000000006,3.010500000000002,-13.583000000000002,0,1,0,2,0,7
PU-AC0026,Puducherry,Rural,INC,82.78,16.1228,8.7216,INC,87.99,25.4853,13.0035,INC,82.61,15.8119,-13.4352,5.209999999999994,-5.3799999999999955,9.362499999999997,-9.673399999999999,0,0,1,2,2,7
PU-AC0027,Puducherry,Urban,DMK,75.79,3.3986,-0.3119,BJP,75.75,3.3152,-0.1158,INC,76.51,4.6875,1.906,-0.04000000000000625,0.7600000000000051,-0.08340000000000014,1.3723,1,1,0,0,2,4
PU-AC0028,Puducherry,Semi-Urban,BJP,74.07,15.7134,-0.7283,BJP,70.69,9.6165,-8.4679,DMK,64.63,-1.2904,-15.1485,-3.3799999999999955,-6.060000000000002,-6.0969,-10.9069,0,1,0,1,2,4
TA-AC0029,Tamil Nadu,Rural,AIADMK,82.41,11.4105,3.8532,AIADMK,78.87,5.0467,-8.8386,AIADMK,79.49,6.1535,1.5373,-3.539999999999992,0.6199999999999903,-6.3638,1.1067999999999998,0,0,1,2,3,1
TA-AC0030,Tamil Nadu,Urban,BJP,52.14,-4.7043,-11.8304,AIADMK,53.94,-1.4659,4.4977,AIADMK,61.06,11.3424,17.7892,1.7999999999999972,7.1200000000000045,3.2384,12.8083,1,0,1,0,3,1
WE-AC0031,West Bengal,Rural,INC,76.06,4.9808,4.95,INC,75.4,3.7906,-1.6531,CPIM,72.65,-1.1571,-6.8718,-0.6599999999999966,-2.75,-1.1902000000000004,-4.9477,0,1,0,2,4,7
TA-AC0032,Tamil Nadu,Urban,AIADMK,59.9,4.2905,0.8187,AIADMK,69.16,20.956,23.1466,AIADMK,61.69,7.5117,-18.6727,9.259999999999998,-7.469999999999999,16.6655,-13.444299999999998,0,0,1,0,3,1
WE-AC0033,West Bengal,Urban,CPIM,64.0,20.5976,10.8895,CPIM,64.25,21.0604,0.6428,CPIM,59.94,13.3006,-10.7774,0.25,-4.310000000000002,0.46280000000000143,-7.759800000000002,0,0,1,0,4,5
AS-AC0034,Assam,Rural,AGP,95.0,36.2871,7.6371,AGP,95.0,36.2871,0.0,AGP,95.0,36.2871,0.0,0.0,0.0,0.0,0.0,0,0,1,2,0,0
TA-AC0035,Tamil Nadu,Rural,DMK,80.1,7.3429,8.5243,AIADMK,76.93,1.6368,-7.9252,BJP,76.47,0.8107,-1.1474,-3.1699999999999875,-0.46000000000000796,-5.7061,-0.8261000000000001,1,1,0,2,3,1
WE-AC0036,West Bengal,Rural,INC,70.88,4.3464,-3.4313,INC,71.62,5.6702,1.8386,INC,73.93,9.8311,5.779,0.7400000000000091,2.3100000000000023,1.3238000000000003,4.160899999999999,0,0,1,2,4,7
PU-AC0037,Puducherry,Rural,BJP,70.47,-2.3705,-4.8423,BJP,75.53,6.7513,12.6691,INC,72.7,1.6561,-7.0767,5.060000000000002,-2.8299999999999983,9.1218,-5.0952,0,1,0,2,2,4
WE-AC0038,West Bengal,Rural,BJP,81.64,9.291,10.968,BJP,90.09,24.5054,21.1311,BJP,88.1,20.9169,-4.9841,8.450000000000003,-1.990000000000009,15.214400000000001,-3.5885000000000034,0,0,1,2,4,4
PU-AC0039,Puducherry,Semi-Urban,BJP,75.03,14.0965,7.5594,BJP,82.77,28.018,19.3354,BJP,84.42,30.9979,4.1387,7.739999999999995,1.6500000000000057,13.9215,2.9799000000000007,0,0,1,1,2,4
TA-AC0040,Tamil Nadu,Urban,DMK,65.74,10.1545,1.2609,DMK,58.15,-3.5066,-18.9738,DMK,63.27,5.7133,12.8054,-7.589999999999996,5.1200000000000045,-13.661100000000001,9.2199,0,0,1,0,3,6
KE-AC0041,Kerala,Semi-Urban,INC,79.47,6.7788,4.4689,BJP,74.89,-1.4648,-11.4495,UDF,77.26,2.7927,5.9132,-4.579999999999998,2.3700000000000045,-8.2436,4.2575,1,1,0,1,1,4
TA-AC0042,Tamil Nadu,Urban,AIADMK,58.75,18.1976,11.1689,AIADMK,54.13,9.8779,-11.5552,AIADMK,60.41,21.1827,15.7011,-4.619999999999997,6.279999999999994,-8.319700000000001,11.3048,0,0,1,0,3,1
TA-AC0043,Tamil Nadu,Urban,DMK,71.6,1.0312,-0.4009,DMK,73.71,4.8431,5.2944,DMK,72.98,3.5191,-1.8389,2.1099999999999994,-0.7299999999999898,3.8118999999999996,-1.3239999999999998,0,0,0,0,3,6
AS-AC0044,Assam,Urban,AIUDF,68.18,9.1166,6.1037,AIUDF,68.09,8.9661,-0.209,AIUDF,68.56,9.8109,1.1733,-0.09000000000000341,0.46999999999999886,-0.1504999999999992,0.8447999999999993,0,0,1,0,0,3
PU-AC0045,Puducherry,Urban,BJP,71.15,13.2908,8.5786,BJP,68.65,8.7774,-6.2686,BJP,63.28,-0.8851,-13.4201,-2.5,-5.3700000000000045,-4.513400000000001,-9.6625,0,0,0,0,2,4
WE-AC0046,West Bengal,Rural,CPIM,82.22,31.1244,8.5397,CPIM,81.14,29.1729,-2.7104,CPIM,78.68,24.7586,-6.1309,-1.0799999999999983,-2.4599999999999937,-1.951500000000003,-4.414299999999997,0,0,1,2,4,5
AS-AC0047,Assam,Rural,AGP,84.28,24.9958,20.9239,AGP,80.25,17.7525,-10.0602,AGP,75.4,9.0103,-12.1419,-4.030000000000001,-4.849999999999994,-7.243299999999998,-8.7422,0,0,1,2,0,0
PU-AC0048,Puducherry,Rural,DMK,76.47,18.4295,-0.0882,DMK,68.11,3.3814,-20.9002,DMK,75.19,16.1285,17.7043,-8.36,7.079999999999998,-15.048100000000002,12.7471,0,0,1,2,2,6
TA-AC0049,Tamil Nadu,Semi-Urban,INC,78.43,9.0139,4.9606,INC,78.65,9.414,0.5557,INC,78.89,9.8477,0.6023,0.21999999999999886,0.23999999999999488,0.4001000000000001,0.4337,0,0,1,1,3,7
TA-AC0050,Tamil Nadu,Rural,DMK,72.41,18.555,0.7901,DMK,76.65,26.192,10.6069,DMK,77.6,27.9019,2.3749,4.240000000000009,0.9499999999999886,7.6370000000000005,1.709900000000001,0,0,1,2,3,6
WE-AC0051,West Bengal,Rural,BJP,82.81,3.8969,-9.5439,INC,73.46,-12.9482,-23.396,INC,72.05,-15.4793,-3.5154,-9.350000000000009,-1.4099999999999966,-16.8451,-2.5311000000000003,1,0,0,2,4,7
KE-AC0052,Kerala,Urban,LDF,61.56,1.056,-19.1491,LDF,64.97,7.19,8.5194,LDF,68.04,12.722,7.6834,3.4099999999999966,3.0700000000000074,6.134,5.531999999999999,0,0,1,0,1,8
KE-AC0053,Kerala,Rural,UDF,81.06,5.917,4.0171,UDF,83.82,10.886,6.9014,UDF,82.22,7.9972,-4.0122,2.759999999999991,-1.5999999999999943,4.968999999999999,-2.888799999999999,0,0,1,2,1,10
TA-AC0054,Tamil Nadu,Urban,DMK,66.28,14.0048,9.835,DMK,68.18,17.4149,4.7363,DMK,68.39,17.8062,0.5435,1.9000000000000057,0.20999999999999375,3.4101,0.3913000000000011,0,0,1,0,3,6
WE-AC0055,West Bengal,Rural,BJP,87.7,-4.1528,-7.6735,CPIM,91.19,2.1279,8.7232,CPIM,91.92,3.448,1.8334,3.489999999999995,0.730000000000004,6.2806999999999995,1.3201,1,0,0,2,4,5
AS-AC0056,Assam,Urban,AGP,55.1,-0.4517,-4.9116,BJP,50.26,-9.1574,-12.0912,BJP,56.62,2.2844,15.8914,-4.840000000000003,6.359999999999999,-8.7057,11.4418,1,0,0,0,0,4
AS-AC0057,Assam,Semi-Urban,BJP,81.21,23.7431,18.7617,BJP,85.02,30.5862,9.5042,BJP,82.71,26.4325,-5.769,3.8100000000000023,-2.3100000000000023,6.843100000000003,-4.153700000000001,0,0,1,1,0,4
PU-AC0058,Puducherry,Semi-Urban,INC,81.62,27.7151,14.7666,INC,84.42,32.7568,7.0024,INC,83.89,31.8042,-1.323,2.799999999999997,-0.5300000000000011,5.041699999999999,-0.9525999999999968,0,0,1,1,2,7
PU-AC0059,Puducherry,Urban,DMK,66.02,25.6516,-4.6918,DMK,59.17,13.317,-17.1313,DMK,64.58,23.0649,13.5387,-6.849999999999994,5.409999999999997,-12.334599999999998,9.747900000000001,0,0,1,0,2,6
WE-AC0060,West Bengal,Semi-Urban,TMC,56.13,10.5141,-9.0129,TMC,55.7,9.732,-1.0863,TMC,55.48,9.3325,-0.5548,-0.4299999999999997,-0.22000000000000597,-0.7820999999999998,-0.39949999999999974,0,0,1,1,4,9
PU-AC0061,Puducherry,Semi-Urban,AINRC,72.21,6.1289,0.4698,INC,70.41,2.8884,-4.5007,INC,72.91,7.3729,6.2285,-1.7999999999999972,2.5,-3.2405,4.4845,1,0,1,1,2,7
KE-AC0062,Kerala,Urban,UDF,62.63,13.3836,-2.579,INC,48.72,-11.6592,-34.7817,LDF,47.65,-13.5907,-2.6826,-13.910000000000004,-1.0700000000000003,-25.0428,-1.9314999999999998,1,1,0,0,1,7
AS-AC0063,Assam,Rural,AIUDF,82.64,17.7366,9.7157,AIUDF,85.22,22.3833,6.4538,AIUDF,90.7,32.2374,13.6863,2.5799999999999983,5.480000000000004,4.646699999999999,9.854100000000003,0,0,1,2,0,3
AS-AC0064,Assam,Semi-Urban,BJP,85.15,20.5414,12.7399,BJP,81.67,14.2876,-8.6858,BJP,82.14,15.1258,1.1641,-3.480000000000004,0.46999999999999886,-6.2538,0.8382000000000005,0,0,1,1,0,4
WE-AC0065,West Bengal,Rural,BJP,82.62,-4.02,-13.801,TMC,75.81,-16.2844,-17.0338,BJP,75.59,-16.6843,-0.5555,-6.810000000000002,-0.21999999999999886,-12.264400000000002,-0.3998999999999988,1,1,0,2,4,9
PU-AC0066,Puducherry,Urban,DMK,56.56,14.6165,9.1461,AINRC,47.86,-1.0427,-21.7488,AINRC,55.99,13.5887,20.3214,-8.700000000000003,8.130000000000003,-15.6592,14.6314,1,0,1,0,2,2
AS-AC0067,Assam,Urban,AIUDF,64.57,0.42,-2.9069,AIUDF,72.79,15.2167,20.5509,AIUDF,71.52,12.9173,-3.1936,8.220000000000013,-1.2700000000000102,14.7967,-2.2994000000000003,0,0,1,0,0,3
KE-AC0068,Kerala,Semi-Urban,UDF,60.39,-2.2557,-13.016,UDF,60.6,-1.8896,0.5084,UDF,58.64,-5.4078,-4.8864,0.21000000000000085,-1.9600000000000009,0.3661000000000001,-3.5182,0,0,0,1,1,10
WE-AC0069,West Bengal,Rural,INC,79.66,1.9857,0.4213,INC,81.72,5.6907,5.1459,INC,86.54,14.3641,12.0464,2.0600000000000023,4.820000000000007,3.7049999999999996,8.6734,0,0,1,2,4,7
PU-AC0070,Puducherry,Urban,DMK,63.03,3.4113,0.3564,DMK,66.23,9.1691,7.9969,DMK,66.51,9.6659,0.6901,3.200000000000003,0.28000000000000114,5.7578,0.49680000000000035,0,0,1,0,2,6
TA-AC0071,Tamil Nadu,Rural,AIADMK,84.13,4.1479,3.1125,AIADMK,95.0,23.7179,27.1805,AIADMK,95.0,23.7179,0.0,10.870000000000005,0.0,19.57,0.0,0,0,1,2,3,1
KE-AC0072,Kerala,Rural,UDF,79.51,12.1771,-4.8877,UDF,80.55,14.0485,2.5992,UDF,75.39,4.753,-12.9104,1.039999999999992,-5.159999999999997,1.8714000000000013,-9.2955,0,0,0,2,1,10
AS-AC0073,Assam,Urban,AIUDF,51.81,-8.9721,-21.107,INC,57.18,0.6982,13.431,INC,51.95,-8.7169,-13.0766,5.369999999999997,-5.229999999999997,9.6703,-9.4151,1,0,0,0,0,7
WE-AC0074,West Bengal,Rural,TMC,67.84,-4.9368,-11.3587,BJP,68.75,-3.3096,2.26,TMC,72.1,2.7366,8.3975,0.9099999999999966,3.3499999999999943,1.6271999999999998,6.046200000000001,1,1,0,2,4,4
WE-AC0075,West Bengal,Urban,TMC,56.8,-0.9841,-4.8713,INC,54.43,-5.2493,-5.9239,INC,50.97,-11.47,-8.6399,-2.3699999999999974,-3.460000000000001,-4.2652,-6.220700000000001,1,0,0,0,4,7
KE-AC0076,Kerala,Urban,UDF,66.5,17.8036,9.0787,UDF,66.47,17.7403,-0.0879,UDF,68.27,20.9905,4.5141,-0.030000000000001137,1.7999999999999972,-0.06329999999999814,3.2501999999999995,0,0,1,0,1,10
WE-AC0077,West Bengal,Rural,CPIM,81.74,47.3749,26.167,CPIM,80.01,44.2732,-4.3079,CPIM,81.99,47.8341,4.9457,-1.7299999999999898,1.9799999999999898,-3.101699999999994,3.5608999999999966,0,0,1,2,4,5
KE-AC0078,Kerala,Urban,UDF,69.92,14.0355,17.09,UDF,73.87,21.1454,9.8749,UDF,76.92,26.6477,7.642,3.950000000000003,3.049999999999997,7.109899999999998,5.502300000000002,0,0,1,0,1,10
KE-AC0079,Kerala,Semi-Urban,INC,69.67,-4.7678,-16.8487,UDF,66.68,-10.1532,-7.4797,LDF,58.12,-25.5526,-21.388,-2.989999999999995,-8.56000000000001,-5.3854,-15.399400000000002,1,1,0,1,1,10
TA-AC0080,Tamil Nadu,Urban,AIADMK,57.55,-5.4688,-10.2382,INC,62.7,3.8077,12.8841,INC,64.56,7.1522,4.6452,5.150000000000006,1.8599999999999994,9.2765,3.3444999999999996,1,0,1,0,3,7
AS-AC0081,Assam,Rural,AGP,72.49,-7.5469,-12.4184,AIUDF,73.22,-6.2256,1.8351,BJP,74.64,-3.6829,3.5316,0.730000000000004,1.4200000000000017,1.3213,2.5427,1,1,0,2,0,3
PU-AC0082,Puducherry,Urban,INC,59.13,4.6258,-3.1906,INC,61.31,8.5389,5.4348,INC,65.44,15.9903,10.3492,2.1799999999999997,4.1299999999999955,3.9131,7.4514,0,0,1,0,2,7
PU-AC0083,Puducherry,Rural,INC,85.12,22.558,19.0702,INC,87.33,26.5362,5.5253,INC,88.52,28.6642,2.9555,2.2099999999999937,1.1899999999999977,3.978200000000001,2.128,0,0,1,2,2,7
WE-AC0084,West Bengal,Urban,INC,64.1,14.7568,8.231,INC,67.67,21.1822,8.9241,INC,68.05,21.8707,0.9562,3.5700000000000074,0.37999999999999545,6.4254000000000016,0.6884999999999977,0,0,1,0,4,7
KE-AC0085,Kerala,Rural,BJP,74.02,4.2166,-4.0037,BJP,76.06,7.8841,5.0938,BJP,81.05,16.8649,12.4733,2.0400000000000063,4.989999999999995,3.6675000000000004,8.980799999999999,0,0,1,2,1,4
AS-AC0086,Assam,Semi-Urban,INC,80.18,10.102,10.0989,INC,78.19,6.5246,-4.9686,INC,79.74,9.3171,3.8784,-1.990000000000009,1.5499999999999972,-3.5774,2.7924999999999995,0,0,1,1,0,7
TA-AC0087,Tamil Nadu,Rural,INC,79.01,7.761,2.6053,INC,70.03,-8.4016,-22.448,BJP,72.73,-3.5358,6.7581,-8.980000000000004,2.700000000000003,-16.1626,4.8658,0,1,0,2,3,7
PU-AC0088,Puducherry,Rural,DMK,65.59,8.2994,-3.8554,DMK,70.91,17.8786,13.3044,DMK,78.91,32.2737,19.9932,5.319999999999993,8.0,9.579199999999998,14.3951,0,0,1,2,2,6
PU-AC0089,Puducherry,Semi-Urban,DMK,72.75,6.0669,3.2642,BJP,71.12,3.1369,-4.0694,AINRC,65.31,-7.319,-14.522,-1.6299999999999955,-5.810000000000002,-2.9300000000000006,-10.4559,1,1,0,1,2,4
PU-AC0090,Puducherry,Urban,BJP,58.9,-1.3044,-4.3986,INC,61.47,3.3277,6.4335,INC,67.73,14.5936,15.647,2.5700000000000003,6.260000000000005,4.6321,11.2659,1,0,1,0,2,7
PU-AC0091,Puducherry,Rural,INC,76.69,3.4617,-11.3975,AINRC,71.33,-6.1967,-13.4145,AINRC,78.87,7.3885,18.8683,-5.359999999999999,7.540000000000006,-9.6584,13.5852,1,0,1,2,2,2
KE-AC0092,Kerala,Rural,INC,94.79,8.0386,5.2395,LDF,92.44,3.8044,-5.8809,LDF,91.9,2.8439,-1.334,-2.3500000000000085,-0.539999999999992,-4.234200000000001,-0.9604999999999997,1,0,0,2,1,8
TA-AC0093,Tamil Nadu,Rural,BJP,74.98,-12.3005,-23.2074,DMK,74.06,-13.9556,-2.2988,INC,76.57,-9.433,6.2814,-0.9200000000000017,2.509999999999991,-1.655100000000001,4.522600000000001,1,1,0,2,3,6
KE-AC0094,Kerala,Urban,LDF,62.3,3.5291,3.1297,LDF,57.52,-5.0696,-11.9427,BJP,58.63,-3.0739,2.7718,-4.779999999999994,1.1099999999999994,-8.598700000000001,1.9957000000000003,0,1,0,0,1,8
KE-AC0095,Kerala,Rural,BJP,74.23,-6.4115,-11.0653,BJP,84.52,12.1167,25.7336,BJP,84.76,12.5431,0.5922,10.289999999999992,0.2400000000000091,18.5282,0.426400000000001,0,0,1,2,1,4
KE-AC0096,Kerala,Rural,UDF,69.26,0.1972,-21.241,LDF,63.53,-10.1255,-14.3371,UDF,69.39,0.4253,14.6539,-5.730000000000004,5.859999999999999,-10.322700000000001,10.5508,1,1,0,2,1,8
KE-AC0097,Kerala,Rural,LDF,71.11,10.2085,10.9151,LDF,76.1,19.1803,12.4609,INC,67.8,4.2519,-20.7339,4.989999999999995,-8.299999999999997,8.971799999999998,-14.9284,0,1,0,2,1,8
PU-AC0098,Puducherry,Urban,DMK,61.54,20.5413,9.2163,DMK,61.8,20.9995,0.6363,DMK,65.6,27.8504,9.5151,0.259999999999998,3.799999999999997,0.4582000000000015,6.850899999999999,0,0,1,0,2,6
AS-AC0099,Assam,Semi-Urban,AIUDF,74.81,10.1212,10.2429,BJP,68.32,-1.561,-16.2252,AGP,69.69,0.8941,3.4099,-6.490000000000009,1.3700000000000045,-11.6822,2.4551,1,1,0,1,0,4
WE-AC0100,West Bengal,Rural,CPIM,78.29,-4.3545,-10.5326,CPIM,76.89,-6.8794,-3.5068,BJP,75.97,-8.5298,-2.2922,-1.4000000000000057,-0.9200000000000017,-2.5249000000000006,-1.6503999999999994,0,1,0,2,4,5
KE-AC0101,Kerala,Semi-Urban,LDF,59.93,5.1677,-9.0053,LDF,60.86,6.8305,2.3094,BJP,57.99,1.6755,-7.1598,0.9299999999999997,-2.8699999999999974,1.6627999999999998,-5.154999999999999,0,1,0,1,1,8
PU-AC0102,Puducherry,Semi-Urban,DMK,82.67,11.1736,9.5825,DMK,83.58,12.8099,2.2726,DMK,86.57,18.1954,7.4798,0.9099999999999966,2.989999999999995,1.6363000000000003,5.385499999999999,0,0,1,1,2,6
TA-AC0103,Tamil Nadu,Rural,AIADMK,83.25,-1.8416,-6.7004,INC,87.04,4.9964,9.4972,INC,85.6,2.3973,-3.6099,3.7900000000000063,-1.440000000000012,6.838,-2.5991000000000004,1,0,0,2,3,7
WE-AC0104,West Bengal,Semi-Urban,TMC,76.74,0.9589,-0.3096,CPIM,75.39,-1.4582,-3.3572,CPIM,80.78,8.2333,13.4604,-1.3499999999999943,5.390000000000001,-2.4171,9.6915,1,0,1,1,4,5
TA-AC0105,Tamil Nadu,Rural,AIADMK,75.21,0.5324,-4.1814,AIADMK,70.06,-8.7444,-12.8845,INC,70.46,-8.0185,1.0082,-5.1499999999999915,0.3999999999999915,-9.276800000000001,0.7259000000000011,0,1,0,2,3,1
PU-AC0106,Puducherry,Semi-Urban,INC,68.19,11.1654,-0.0335,INC,67.91,10.6687,-0.6898,AINRC,57.6,-7.8945,-25.7822,-0.28000000000000114,-10.309999999999995,-0.4967000000000006,-18.5632,0,1,0,1,2,7
PU-AC0107,Puducherry,Urban,INC,62.89,-0.1451,-9.1655,INC,65.74,4.9786,7.1162,AINRC,60.41,-4.6172,-13.3274,2.8499999999999943,-5.329999999999998,5.1237,-9.5958,0,1,0,0,2,7
PU-AC0108,Puducherry,Rural,DMK,76.98,1.8793,0.2609,DMK,79.05,5.6064,5.1766,AINRC,76.15,0.381,-7.2574,2.069999999999993,-2.8999999999999915,3.7271,-5.2254,0,1,0,2,2,6
PU-AC0109,Puducherry,Rural,DMK,69.98,-2.047,-13.5168,DMK,66.07,-9.0733,-9.7587,BJP,70.29,-1.4871,10.5364,-3.910000000000011,4.220000000000013,-7.026299999999999,7.5862,0,1,0,2,2,6
PU-AC0110,Puducherry,Rural,INC,74.61,3.6069,-17.1954,INC,75.74,5.6485,2.8356,DMK,74.62,3.6281,-2.8062,1.1299999999999955,-1.1199999999999903,2.0416000000000003,-2.0204000000000004,0,1,0,2,2,7
TA-AC0111,Tamil Nadu,Rural,INC,68.0,8.238,-3.5087,AIADMK,63.82,0.7074,-10.4591,DMK,56.69,-12.1126,-17.8056,-4.18,-7.130000000000003,-7.5306,-12.82,1,1,0,2,3,1
KE-AC0112,Kerala,Semi-Urban,INC,79.05,11.5849,9.7255,INC,81.54,16.0619,6.2181,BJP,75.26,4.7563,-15.7022,2.490000000000009,-6.280000000000001,4.477000000000002,-11.305600000000002,0,1,0,1,1,7
KE-AC0113,Kerala,Semi-Urban,BJP,79.36,33.6663,10.1014,BJP,75.88,27.4123,-8.6861,BJP,76.06,27.7346,0.4477,-3.480000000000004,0.18000000000000682,-6.254000000000001,0.32230000000000203,0,0,1,1,1,4
PU-AC0114,Puducherry,Rural,AINRC,89.66,11.2733,13.6799,AINRC,95.0,20.8845,13.3489,AINRC,95.0,20.8845,0.0,5.340000000000003,0.0,9.611199999999998,0.0,0,0,1,2,2,2
TA-AC0115,Tamil Nadu,Rural,AIADMK,69.12,0.6991,-2.795,BJP,70.55,3.2733,3.5753,BJP,68.2,-0.955,-5.8727,1.4299999999999926,-2.3499999999999943,2.5742,-4.2283,1,0,0,2,3,4
PU-AC0116,Puducherry,Rural,BJP,80.26,1.5159,0.2976,BJP,84.01,8.2715,9.3828,DMK,81.95,4.556,-5.1604,3.75,-2.0600000000000023,6.755599999999999,-3.7154999999999996,0,1,0,2,2,4
AS-AC0117,Assam,Urban,AGP,61.2,-1.9063,-4.7875,AGP,66.22,7.1351,12.5576,BJP,62.64,0.6939,-8.9461,5.019999999999996,-3.5799999999999983,9.041400000000001,-6.4412,0,1,0,0,0,0
AS-AC0118,Assam,Rural,AIUDF,79.22,-7.5743,-14.8556,INC,80.29,-5.6515,2.6705,INC,83.84,0.7538,8.8963,1.0700000000000074,3.549999999999997,1.9227999999999996,6.4053,1,0,0,2,0,7
KE-AC0119,Kerala,Semi-Urban,LDF,75.76,5.4509,0.4702,LDF,80.65,14.2577,12.2317,LDF,77.91,9.337,-6.8343,4.890000000000001,-2.740000000000009,8.806799999999999,-4.9207,0,0,1,1,1,8
AS-AC0120,Assam,Rural,AIUDF,83.59,13.647,14.5338,AIUDF,89.9,25.0199,15.7957,AIUDF,87.81,21.2553,-5.2286,6.310000000000002,-2.0900000000000034,11.3729,-3.7646000000000015,0,0,1,2,0,3
PU-AC0121,Puducherry,Rural,DMK,70.77,2.5401,-10.5091,AINRC,63.03,-11.3824,-19.3368,INC,58.2,-20.0756,-12.074,-7.739999999999995,-4.829999999999998,-13.9225,-8.693200000000001,1,1,0,2,2,2
PU-AC0122,Puducherry,Urban,AINRC,63.57,20.0865,0.5031,AINRC,64.55,21.8397,2.435,AINRC,68.26,28.522,9.281,0.9799999999999969,3.710000000000008,1.7531999999999996,6.682299999999998,0,0,1,0,2,2
WE-AC0123,West Bengal,Rural,BJP,76.62,10.4582,-6.5941,BJP,74.71,7.0283,-4.7638,BJP,77.1,11.3289,5.9731,-1.9100000000000108,2.3900000000000006,-3.4299,4.300600000000001,0,0,1,2,4,4
TA-AC0124,Tamil Nadu,Urban,BJP,59.5,2.2009,-1.0405,BJP,61.57,5.9109,5.1527,BJP,66.34,14.509,11.9418,2.0700000000000003,4.770000000000003,3.71,8.5981,0,0,1,0,3,4
AS-AC0125,Assam,Semi-Urban,AIUDF,65.44,-6.1128,-11.7357,INC,68.62,-0.3823,7.9591,INC,72.82,7.1671,10.4853,3.180000000000007,4.199999999999989,5.7305,7.5493999999999994,1,0,1,1,0,7
PU-AC0126,Puducherry,Urban,DMK,77.54,24.547,9.3784,DMK,74.18,18.4982,-8.4011,DMK,74.84,19.684,1.647,-3.3599999999999994,0.6599999999999966,-6.0488,1.1858000000000004,0,0,1,0,2,6
KE-AC0127,Kerala,Urban,INC,64.77,4.1361,3.3446,INC,67.4,8.8776,6.5854,INC,75.44,23.3511,20.102,2.6300000000000097,8.039999999999992,4.741499999999999,14.4735,0,0,1,0,1,7
KE-AC0128,Kerala,Rural,UDF,75.76,1.5739,-0.0828,UDF,78.54,6.5762,6.9476,INC,74.3,-1.0618,-10.6083,2.780000000000001,-4.240000000000009,5.0023,-7.638,0,1,0,2,1,10
PU-AC0129,Puducherry,Rural,INC,87.4,10.1433,3.4314,INC,92.7,19.6752,13.2387,INC,88.17,11.5261,-11.3182,5.299999999999997,-4.530000000000001,9.5319,-8.1491,0,0,1,2,2,7
WE-AC0130,West Bengal,Semi-Urban,BJP,79.39,18.5473,11.087,BJP,82.67,24.4548,8.2048,BJP,84.7,28.1072,5.0727,3.280000000000001,2.030000000000001,5.907499999999999,3.6524,0,0,1,1,4,4
AS-AC0131,Assam,Rural,AIUDF,78.68,15.3453,4.8056,AIUDF,77.19,12.679,-3.7032,AIUDF,73.86,6.6774,-8.3356,-1.490000000000009,-3.3299999999999983,-2.6662999999999997,-6.001600000000001,0,0,1,2,0,3
TA-AC0132,Tamil Nadu,Semi-Urban,BJP,77.26,18.1982,12.7845,BJP,78.02,19.5741,1.911,BJP,78.21,19.9084,0.4644,0.7599999999999909,0.18999999999999773,1.3759000000000015,0.33429999999999893,0,0,1,1,3,4
TA-AC0133,Tamil Nadu,Rural,INC,88.33,8.7724,2.1363,INC,89.4,10.6918,2.6658,INC,87.79,7.8019,-4.0138,1.0700000000000074,-1.6099999999999994,1.9194000000000013,-2.889900000000001,0,0,1,2,3,7
TA-AC0134,Tamil Nadu,Rural,DMK,83.79,5.208,1.8661,INC,82.0,1.9937,-4.4643,AIADMK,82.78,3.3911,1.9409,-1.7900000000000063,0.7800000000000011,-3.2143,1.3973999999999998,1,1,0,2,3,7
WE-AC0135,West Bengal,Rural,TMC,79.88,1.3923,-15.2319,INC,77.65,-2.6319,-5.5892,TMC,79.16,0.084,3.7721,-2.2299999999999898,1.509999999999991,-4.0242,2.7159,1,1,0,2,4,7
KE-AC0136,Kerala,Urban,UDF,65.2,3.489,-0.4803,UDF,70.39,12.8394,12.9866,UDF,70.82,13.6147,1.0768,5.189999999999998,0.4299999999999926,9.3504,0.7752999999999997,0,0,1,0,1,10
AS-AC0137,Assam,Rural,AIUDF,74.3,0.8824,-11.4696,BJP,73.84,0.0573,-1.1459,BJP,76.37,4.6168,6.3327,-0.45999999999999375,2.530000000000001,-0.8251,4.5595,1,0,0,2,0,4
KE-AC0138,Kerala,Rural,INC,82.1,10.5159,-9.2933,INC,78.98,4.8977,-7.803,INC,81.54,9.5071,6.4019,-3.1199999999999903,2.5600000000000023,-5.6182,4.609399999999999,0,0,1,2,1,7
TA-AC0139,Tamil Nadu,Semi-Urban,BJP,74.41,12.782,-0.2892,BJP,75.49,14.7236,2.6967,BJP,74.57,13.0672,-2.3006,1.0799999999999983,-0.9200000000000017,1.9415999999999993,-1.6563999999999997,0,0,1,1,3,4
KE-AC0140,Kerala,Semi-Urban,LDF,80.53,23.3081,13.2915,LDF,81.32,24.7231,1.9652,LDF,84.15,29.8279,7.09,0.789999999999992,2.8300000000000125,1.4149999999999991,5.104800000000001,0,0,1,1,1,8
WE-AC0141,West Bengal,Rural,TMC,75.51,-1.9406,-15.7972,BJP,73.21,-6.0726,-5.7389,CPIM,71.36,-9.4162,-4.6439,-2.3000000000000114,-1.8499999999999943,-4.132000000000001,-3.3435999999999995,1,1,0,2,4,4
KE-AC0142,Kerala,Semi-Urban,UDF,66.69,21.9347,-11.779,UDF,62.95,15.1881,-9.3702,UDF,69.42,26.8435,16.188,-3.739999999999995,6.469999999999999,-6.746599999999999,11.655399999999998,0,0,1,1,1,10
KE-AC0143,Kerala,Rural,LDF,83.78,5.3347,4.7887,LDF,83.68,5.1606,-0.2418,INC,81.4,1.0494,-5.71,-0.09999999999999432,-2.280000000000001,-0.17410000000000014,-4.111199999999999,0,1,0,2,1,8
WE-AC0144,West Bengal,Rural,BJP,78.4,10.203,-3.8318,BJP,75.96,5.8146,-6.095,CPIM,71.37,-2.4401,-11.4649,-2.440000000000012,-4.589999999999989,-4.388399999999999,-8.2547,0,1,0,2,4,4
WE-AC0145,West Bengal,Rural,BJP,76.04,2.7959,-6.8198,BJP,72.03,-4.4158,-10.0162,INC,70.91,-6.4397,-2.811,-4.010000000000005,-1.1200000000000045,-7.2117,-2.0239000000000003,0,1,0,2,4,4
TA-AC0146,Tamil Nadu,Urban,DMK,64.29,9.5495,1.3278,DMK,71.1,21.8017,17.017,DMK,76.63,31.7603,13.8315,6.809999999999988,5.530000000000001,12.2522,9.9586,0,0,1,0,3,6
TA-AC0147,Tamil Nadu,Semi-Urban,BJP,74.82,10.0586,5.2212,BJP,76.89,13.7887,5.1807,BJP,82.12,23.2062,13.0799,2.0700000000000074,5.230000000000004,3.7301,9.417499999999999,0,0,1,1,3,4
AS-AC0148,Assam,Rural,INC,88.61,5.7748,4.6413,AIUDF,86.3,1.601,-5.797,INC,86.2,1.4274,-0.241,-2.3100000000000023,-0.09999999999999432,-4.1738,-0.17359999999999998,1,1,0,2,0,3
AS-AC0149,Assam,Urban,INC,54.72,2.7054,-5.293,INC,57.2,7.1599,6.1869,INC,61.72,15.291,11.2932,2.480000000000004,4.519999999999996,4.4545,8.1311,0,0,1,0,0,7
TA-AC0150,Tamil Nadu,Rural,DMK,74.54,-9.2512,-19.9741,AIADMK,71.17,-15.3235,-8.4337,BJP,71.11,-15.4211,-0.1355,-3.3700000000000045,-0.060000000000002274,-6.0722999999999985,-0.09759999999999991,1,1,0,2,3,1
WE-AC0151,West Bengal,Semi-Urban,CPIM,76.56,10.7004,-2.7475,CPIM,82.1,20.6684,13.8444,CPIM,85.12,26.1221,7.5746,5.539999999999992,3.0200000000000102,9.967999999999998,5.453700000000001,0,0,1,1,4,5
TA-AC0152,Tamil Nadu,Semi-Urban,AIADMK,72.2,31.9478,20.0174,AIADMK,71.78,31.189,-1.0539,AIADMK,78.9,44.011,17.8083,-0.4200000000000017,7.1200000000000045,-0.7588000000000008,12.822000000000003,0,0,1,1,3,1
AS-AC0153,Assam,Rural,INC,76.96,0.2174,-15.7639,INC,82.86,10.8485,14.7654,INC,88.38,20.7852,13.8009,5.900000000000006,5.519999999999996,10.6311,9.9367,0,0,1,2,0,7
AS-AC0154,Assam,Semi-Urban,BJP,66.56,-1.5637,-6.7162,AIUDF,66.46,-1.7477,-0.2555,AIUDF,71.15,6.6959,11.7273,-0.10000000000000853,4.690000000000012,-0.18399999999999994,8.4436,1,0,1,1,0,3
WE-AC0155,West Bengal,Rural,TMC,78.49,11.4766,-7.1362,TMC,74.99,5.1842,-8.7395,INC,68.49,-6.5246,-16.2622,-3.5,-6.5,-6.2924,-11.7088,0,1,0,2,4,9
WE-AC0156,West Bengal,Rural,TMC,71.13,13.162,-2.724,TMC,62.75,-1.9231,-20.9516,CPIM,63.77,-0.093,2.5417,-8.379999999999995,1.0200000000000031,-15.0851,1.8301,0,1,0,2,4,9
KE-AC0157,Kerala,Semi-Urban,LDF,63.07,-4.864,-13.0466,LDF,68.69,5.2487,14.0454,LDF,62.27,-6.3112,-16.0554,5.619999999999997,-6.419999999999995,10.1127,-11.5599,0,0,0,1,1,8
WE-AC0158,West Bengal,Rural,BJP,84.83,0.1176,-1.6121,BJP,91.17,11.5224,15.84,BJP,95.0,18.4252,9.5873,6.340000000000003,3.8299999999999983,11.4048,6.902800000000001,0,0,1,2,4,4
WE-AC0159,West Bengal,Rural,CPIM,75.21,-0.7899,-10.3495,BJP,74.45,-2.1579,-1.8999,CPIM,76.24,1.0705,4.4839,-0.7599999999999909,1.789999999999992,-1.368,3.2284,1,1,0,2,4,4
PU-AC0160,Puducherry,Rural,DMK,74.29,10.7032,5.0343,BJP,65.81,-4.572,-21.2156,AINRC,66.98,-2.4624,2.9299,-8.480000000000004,1.1700000000000017,-15.275200000000002,2.1096,1,1,0,2,2,4
PU-AC0161,Puducherry,Urban,INC,62.8,12.3675,1.2059,INC,61.22,9.5277,-3.9442,INC,59.51,6.4512,-4.2729,-1.5799999999999983,-1.7100000000000009,-2.8398000000000003,-3.0764999999999993,0,0,1,0,2,7
PU-AC0162,Puducherry,Semi-Urban,INC,71.15,-7.6352,-12.1897,AINRC,70.94,-8.0069,-0.5163,BJP,71.73,-6.5915,1.9658,-0.21000000000000796,0.7900000000000063,-0.3716999999999997,1.4154,1,1,0,1,2,2
WE-AC0163,West Bengal,Urban,TMC,64.78,12.8387,4.4923,TMC,60.48,5.0867,-10.7666,TMC,63.15,9.8992,6.6841,-4.300000000000004,2.6700000000000017,-7.751999999999999,4.8125,0,0,1,0,4,9
PU-AC0164,Puducherry,Rural,INC,73.29,13.9375,-4.4001,BJP,66.84,2.3205,-16.1347,BJP,70.56,9.0238,9.3101,-6.450000000000003,3.719999999999999,-11.617,6.7033,1,0,1,2,2,4
PU-AC0165,Puducherry,Rural,AINRC,89.88,7.4339,4.5353,AINRC,88.91,5.676,-2.4416,AINRC,92.76,12.6174,9.6409,-0.9699999999999989,3.8500000000000085,-1.7579000000000002,6.9414,0,0,1,2,2,2
KE-AC0166,Kerala,Semi-Urban,UDF,78.15,6.5994,6.354,UDF,83.31,15.8856,12.8976,UDF,82.26,14.0035,-2.614,5.159999999999997,-1.0499999999999972,9.286200000000001,-1.8820999999999994,0,0,1,1,1,10
WE-AC0167,West Bengal,Rural,TMC,93.04,18.7833,15.8637,TMC,84.96,4.2425,-20.1956,TMC,89.24,11.9566,10.714,-8.080000000000013,4.280000000000001,-14.5408,7.7141,0,0,1,2,4,9
WE-AC0168,West Bengal,Rural,TMC,79.28,10.7218,-2.324,TMC,81.08,13.9697,4.511,TMC,76.89,6.4169,-10.4901,1.7999999999999972,-4.189999999999998,3.2478999999999996,-7.5527999999999995,0,0,1,2,4,9
KE-AC0169,Kerala,Rural,UDF,72.53,8.6086,1.7097,UDF,62.86,-8.7899,-24.1645,INC,60.73,-12.6282,-5.331,-9.670000000000002,-2.1300000000000026,-17.3985,-3.8383000000000003,0,1,0,2,1,10
KE-AC0170,Kerala,Rural,INC,83.69,13.9104,12.6182,INC,84.21,14.8414,1.2931,INC,85.73,17.5777,3.8005,0.519999999999996,1.5200000000000102,0.9310000000000009,2.7363,0,0,1,2,1,7
PU-AC0171,Puducherry,Rural,INC,75.96,6.7949,-4.2732,INC,77.8,10.1191,4.617,INC,87.19,27.0178,23.4705,1.8400000000000034,9.39,3.3241999999999994,16.8987,0,0,1,2,2,7
AS-AC0172,Assam,Rural,INC,78.31,-6.0383,-15.705,AIUDF,74.35,-13.1636,-9.8963,AIUDF,78.11,-6.39,9.4077,-3.960000000000008,3.760000000000005,-7.125300000000001,6.773600000000001,1,0,0,2,0,3
AS-AC0173,Assam,Urban,AGP,72.12,4.9722,2.2228,AGP,72.76,6.1276,1.6048,AGP,69.02,-0.6204,-9.3723,0.6400000000000006,-3.740000000000009,1.1554000000000002,-6.748,0,0,0,0,0,0
WE-AC0174,West Bengal,Rural,INC,75.27,14.1221,0.6847,INC,85.45,32.4536,25.4605,INC,87.1,35.4276,4.1306,10.180000000000007,1.6499999999999915,18.331500000000002,2.9739999999999966,0,0,1,2,4,7
TA-AC0175,Tamil Nadu,Urban,AIADMK,64.68,1.5349,-2.5375,INC,65.95,3.8154,3.1674,INC,71.99,14.685,15.0966,1.269999999999996,6.039999999999992,2.2805,10.8696,1,0,1,0,3,7
KE-AC0176,Kerala,Semi-Urban,LDF,79.42,9.5149,5.6979,LDF,77.15,5.4271,-5.6776,LDF,78.88,8.5389,4.3219,-2.269999999999996,1.7299999999999898,-4.0878000000000005,3.1117999999999997,0,0,1,1,1,8
WE-AC0177,West Bengal,Rural,BJP,80.04,10.595,4.5354,BJP,84.94,19.412,12.2458,BJP,91.44,31.1005,16.234,4.8999999999999915,6.5,8.816999999999998,11.688500000000001,0,0,1,2,4,4
WE-AC0178,West Bengal,Rural,INC,89.88,24.0456,25.7971,INC,86.66,18.2591,-8.0367,INC,93.22,30.0607,16.3912,-3.219999999999999,6.560000000000002,-5.7865,11.8016,0,0,1,2,4,7
WE-AC0179,West Bengal,Rural,TMC,79.38,-2.1839,-5.3415,TMC,72.88,-13.8698,-16.2305,CPIM,75.14,-9.8137,5.6335,-6.5,2.260000000000005,-11.6859,4.056099999999999,0,1,0,2,4,9
KE-AC0180,Kerala,Rural,INC,67.93,6.4637,-12.2224,LDF,63.84,-0.8978,-10.2244,LDF,72.16,14.0778,20.7995,-4.090000000000003,8.319999999999993,-7.3615,14.9756,1,0,1,2,1,8
AS-AC0181,Assam,Urban,INC,67.59,4.918,1.0854,INC,69.44,8.2489,4.6263,INC,77.91,23.4975,21.1786,1.8499999999999943,8.469999999999999,3.3309000000000006,15.248599999999998,0,0,1,0,0,7
TA-AC0182,Tamil Nadu,Semi-Urban,INC,83.26,15.5113,19.4654,INC,82.22,13.6357,-2.605,INC,89.13,26.0689,17.2683,-1.0400000000000063,6.909999999999997,-1.8756000000000004,12.4332,0,0,1,1,3,7
TA-AC0183,Tamil Nadu,Semi-Urban,BJP,71.01,-4.8155,-9.2067,INC,71.69,-3.5961,1.6936,INC,66.03,-13.7748,-14.1371,0.6799999999999926,-5.659999999999997,1.2194000000000003,-10.178700000000001,1,0,0,1,3,7
WE-AC0184,West Bengal,Rural,BJP,81.43,33.0101,3.8361,BJP,77.78,26.4351,-9.132,BJP,76.65,24.4034,-2.8218,-3.6500000000000057,-1.1299999999999955,-6.575000000000003,-2.031699999999997,0,0,1,2,4,4
PU-AC0185,Puducherry,Rural,BJP,79.39,9.0601,7.8932,DMK,76.8,4.3897,-6.4866,DMK,77.89,6.358,2.7338,-2.5900000000000034,1.0900000000000034,-4.6704,1.9682999999999993,1,0,1,2,2,6
WE-AC0186,West Bengal,Rural,BJP,73.91,5.015,0.2485,INC,71.18,0.1044,-6.8203,TMC,66.48,-8.3519,-11.7449,-2.7299999999999898,-4.700000000000003,-4.9106,-8.4563,1,1,0,2,4,7
WE-AC0187,West Bengal,Rural,CPIM,80.5,13.6926,8.1319,CPIM,82.3,16.9255,4.4901,CPIM,80.17,13.1058,-5.3051,1.7999999999999972,-2.1299999999999955,3.232899999999999,-3.819699999999999,0,0,1,2,4,5
PU-AC0188,Puducherry,Rural,AINRC,67.54,10.1774,0.282,AINRC,76.31,25.9591,21.9191,AINRC,79.03,30.8598,6.8066,8.769999999999996,2.719999999999999,15.781699999999999,4.9007000000000005,0,0,1,2,2,2
KE-AC0189,Kerala,Rural,UDF,76.52,8.7965,-2.3635,UDF,71.77,0.2435,-11.8791,INC,70.36,-2.2982,-3.5302,-4.75,-1.4099999999999966,-8.553,-2.5417,0,1,0,2,1,10
TA-AC0190,Tamil Nadu,Rural,DMK,79.66,14.0015,1.9758,DMK,89.52,31.7486,24.6488,DMK,88.32,29.5876,-3.0014,9.86,-1.2000000000000028,17.7471,-2.1610000000000014,0,0,1,2,3,6
AS-AC0191,Assam,Rural,AIUDF,73.45,-0.9884,-3.0522,AGP,71.02,-5.3769,-6.0951,BJP,70.27,-6.7231,-1.8697,-2.430000000000007,-0.75,-4.3885000000000005,-1.3461999999999996,1,1,0,2,0,0
AS-AC0192,Assam,Rural,INC,77.33,-5.9779,-9.6952,INC,80.23,-0.7524,7.2577,AGP,78.4,-4.0569,-4.5896,2.9000000000000057,-1.8299999999999983,5.2255,-3.3045,0,1,0,2,0,7
KE-AC0193,Kerala,Rural,BJP,74.46,14.2316,2.7833,BJP,74.14,13.6622,-0.7908,INC,68.22,3.0042,-14.8028,-0.3199999999999932,-5.920000000000002,-0.5693999999999999,-10.658000000000001,0,1,0,2,1,4
WE-AC0194,West Bengal,Rural,CPIM,79.87,14.8519,8.5446,CPIM,82.07,18.8013,5.4853,CPIM,78.38,12.1598,-9.2243,2.1999999999999886,-3.6899999999999977,3.9494000000000007,-6.641500000000001,0,0,1,2,4,5
WE-AC0195,West Bengal,Urban,TMC,57.01,7.6552,-5.0733,TMC,60.81,14.4991,9.5054,TMC,62.51,17.5615,4.2533,3.8000000000000043,1.6999999999999957,6.8439000000000005,3.0623999999999985,0,0,1,0,4,9
AS-AC0196,Assam,Rural,BJP,79.02,12.2442,13.4541,INC,71.24,-1.7525,-19.4399,INC,82.04,17.6854,26.9971,-7.780000000000001,10.800000000000011,-13.996699999999999,19.437900000000003,1,0,1,2,0,7
PU-AC0197,Puducherry,Urban,INC,48.75,-11.5244,-25.9104,INC,46.57,-15.4574,-5.4624,AINRC,48.14,-12.6364,3.918,-2.1799999999999997,1.5700000000000003,-3.933,2.8209999999999997,0,1,0,0,2,7
TA-AC0198,Tamil Nadu,Rural,BJP,77.65,3.4014,-4.3516,BJP,80.91,9.2774,8.1612,DMK,75.68,-0.1405,-13.0805,3.259999999999991,-5.22999999999999,5.8759999999999994,-9.4179,0,1,0,2,3,4
TA-AC0199,Tamil Nadu,Urban,DMK,62.27,12.6046,5.5383,DMK,66.63,20.4638,10.9155,DMK,68.77,24.3015,5.3301,4.359999999999992,2.1400000000000006,7.8591999999999995,3.8377000000000017,0,0,1,0,3,6
TA-AC0200,Tamil Nadu,Rural,AIADMK,80.81,10.8387,10.399,AIADMK,78.39,6.4783,-6.0562,AIADMK,85.7,19.6256,18.2601,-2.4200000000000017,7.310000000000002,-4.360399999999999,13.147299999999998,0,0,1,2,3,1
TA-AC0201,Tamil Nadu,Urban,INC,65.24,25.6731,9.2135,INC,70.89,35.8292,14.1057,INC,75.74,44.5734,12.1448,5.650000000000006,4.849999999999994,10.156099999999999,8.7442,0,0,1,0,3,7
WE-AC0202,West Bengal,Rural,CPIM,77.15,1.3185,-7.5342,TMC,78.99,4.6303,4.5997,CPIM,76.28,-0.2493,-6.7772,1.8399999999999892,-2.7099999999999937,3.3118,-4.8796,1,1,0,2,4,9
WE-AC0203,West Bengal,Rural,CPIM,87.77,10.101,5.7537,INC,78.03,-7.4231,-24.339,CPIM,78.77,-6.0856,1.8577,-9.739999999999995,0.7399999999999949,-17.5241,1.3374999999999995,1,1,0,2,4,7
KE-AC0204,Kerala,Rural,INC,76.0,9.4244,-4.3605,INC,77.13,11.4587,2.8254,INC,74.3,6.3622,-7.0785,1.1299999999999955,-2.8299999999999983,2.0343,-5.096500000000001,0,0,1,2,1,7
TA-AC0205,Tamil Nadu,Urban,INC,63.95,-2.6067,-7.568,AIADMK,58.27,-12.8437,-14.2181,INC,64.27,-2.0341,15.0133,-5.68,5.999999999999993,-10.237,10.8096,1,1,0,0,3,1
WE-AC0206,West Bengal,Rural,CPIM,77.24,12.3068,0.3859,CPIM,83.06,22.7873,14.5562,CPIM,90.26,35.7421,17.9927,5.820000000000007,7.200000000000003,10.480499999999997,12.954800000000002,0,0,1,2,4,5
AS-AC0207,Assam,Urban,INC,58.66,6.389,2.017,INC,62.1,12.5825,8.602,INC,53.58,-2.75,-21.2951,3.440000000000005,-8.520000000000003,6.193499999999999,-15.3325,0,0,0,0,0,7
AS-AC0208,Assam,Urban,INC,59.79,1.7009,-2.7681,AIUDF,61.02,3.9142,3.0741,AIUDF,64.28,9.7875,8.1574,1.230000000000004,3.259999999999998,2.2133000000000003,5.8732999999999995,1,0,1,0,0,3
WE-AC0209,West Bengal,Urban,CPIM,75.4,7.5519,6.8868,CPIM,76.89,10.2339,3.725,CPIM,83.29,21.7476,15.9912,1.4899999999999949,6.400000000000006,2.6820000000000004,11.513699999999998,0,0,1,0,4,5
KE-AC0210,Kerala,Rural,LDF,79.5,8.4611,9.0934,LDF,86.41,20.9163,17.2989,LDF,87.62,23.0777,3.0019,6.909999999999997,1.210000000000008,12.4552,2.1614000000000004,0,0,1,2,1,8
AS-AC0211,Assam,Semi-Urban,BJP,66.18,-3.4907,-14.9194,AGP,68.16,0.0693,4.9444,AGP,71.06,5.2793,7.2361,1.9799999999999898,2.9000000000000057,3.56,5.21,1,0,1,1,0,0
KE-AC0212,Kerala,Rural,BJP,91.55,16.944,6.2355,BJP,92.87,19.3103,3.2865,BJP,95.0,23.1521,5.3358,1.3200000000000074,2.1299999999999955,2.3663000000000025,3.841799999999999,0,0,1,2,1,4
TA-AC0213,Tamil Nadu,Rural,INC,86.06,8.2655,7.6953,INC,84.64,5.7073,-3.5531,INC,87.08,10.1011,6.1024,-1.4200000000000017,2.4399999999999977,-2.5581999999999994,4.393800000000001,0,0,1,2,3,7
TA-AC0214,Tamil Nadu,Rural,DMK,82.07,4.1367,-8.5811,DMK,83.8,7.2552,4.3312,DMK,88.55,15.8019,11.8704,1.730000000000004,4.75,3.1185,8.5467,0,0,1,2,3,6
WE-AC0215,West Bengal,Rural,TMC,68.33,9.7765,-11.0631,TMC,66.51,6.5063,-4.5419,BJP,63.23,0.5998,-8.2034,-1.8199999999999932,-3.2800000000000082,-3.2702,-5.9065,0,1,0,2,4,9
AS-AC0216,Assam,Rural,INC,88.53,14.1594,6.1904,INC,86.7,10.8608,-4.5814,INC,85.27,8.2852,-3.5772,-1.8299999999999983,-1.4300000000000068,-3.2986000000000004,-2.5755999999999997,0,0,1,2,0,7
PU-AC0217,Puducherry,Urban,INC,58.38,14.6233,-4.1183,AINRC,52.6,4.2225,-14.4456,DMK,45.96,-7.7387,-16.6128,-5.780000000000001,-6.640000000000001,-10.4008,-11.9612,1,1,0,0,2,2
PU-AC0218,Puducherry,Rural,DMK,95.0,24.3258,14.2336,DMK,95.0,24.3258,0.0,DMK,95.0,24.3258,0.0,0.0,0.0,0.0,0.0,0,0,1,2,2,6
AS-AC0219,Assam,Semi-Urban,INC,67.9,13.2688,-0.0337,INC,67.21,12.0435,-1.7018,INC,65.4,8.7803,-4.5323,-0.6900000000000119,-1.809999999999988,-1.2253000000000007,-3.2631999999999994,0,0,1,1,0,7
PU-AC0220,Puducherry,Rural,AINRC,69.34,11.3203,8.0094,AINRC,67.61,8.2114,-4.318,DMK,64.06,1.8319,-8.8604,-1.730000000000004,-3.549999999999997,-3.1089,-6.379499999999999,0,1,0,2,2,2
AS-AC0221,Assam,Urban,INC,67.88,7.5516,6.9825,AGP,64.25,1.0203,-9.0713,AGP,68.48,8.6282,10.5666,-3.6299999999999955,4.230000000000004,-6.5313,7.6079,1,0,1,0,0,0
AS-AC0222,Assam,Rural,BJP,75.03,0.8787,-9.5944,BJP,73.54,-1.8012,-3.7221,BJP,77.9,6.0378,10.8875,-1.4899999999999949,4.359999999999999,-2.6799,7.8389999999999995,0,0,1,2,0,4
AS-AC0223,Assam,Rural,INC,73.63,-9.3315,-17.6844,AIUDF,74.92,-7.0047,3.2317,BJP,74.33,-8.0674,-1.476,1.2900000000000063,-0.5900000000000034,2.3268000000000004,-1.0626999999999995,1,1,0,2,0,3
PU-AC0224,Puducherry,Rural,DMK,63.23,3.223,-7.995,DMK,63.86,4.3489,1.5638,DMK,65.18,6.7391,3.3197,0.6300000000000026,1.3200000000000074,1.1259000000000006,2.390199999999999,0,0,1,2,2,6
TA-AC0225,Tamil Nadu,Semi-Urban,INC,66.63,-6.0871,-9.9931,AIADMK,66.42,-6.4741,-0.5374,AIADMK,69.67,-0.6208,8.1296,-0.20999999999999375,3.25,-0.38699999999999957,5.8533,1,0,0,1,3,1
AS-AC0226,Assam,Urban,BJP,63.66,0.4942,-6.9266,INC,63.39,0.0152,-0.6653,AGP,64.38,1.7812,2.4528,-0.269999999999996,0.9899999999999949,-0.479,1.7659999999999998,1,1,0,0,0,7
WE-AC0227,West Bengal,Rural,CPIM,71.41,7.5416,8.8405,CPIM,74.36,12.8469,7.3684,CPIM,73.24,10.8213,-2.8133,2.950000000000003,-1.1200000000000045,5.3053,-2.025599999999999,0,0,1,2,4,5
KE-AC0228,Kerala,Semi-Urban,LDF,75.9,4.1071,0.9675,UDF,75.46,3.3183,-1.0955,LDF,73.04,-1.0306,-6.0401,-0.44000000000001194,-2.4199999999999875,-0.7888000000000002,-4.3488999999999995,1,1,0,1,1,10
TA-AC0229,Tamil Nadu,Urban,INC,60.25,28.903,6.1081,INC,55.18,19.7612,-12.6969,INC,50.88,12.0322,-10.7347,-5.07,-4.299999999999997,-9.1418,-7.728999999999999,0,0,1,0,3,7
WE-AC0230,West Bengal,Urban,TMC,57.23,31.3235,-1.6418,TMC,59.11,34.7075,4.7,TMC,66.77,48.4934,19.1471,1.8800000000000026,7.659999999999997,3.384000000000004,13.785899999999998,0,0,1,0,4,9
TA-AC0231,Tamil Nadu,Rural,DMK,88.03,4.5617,2.0982,DMK,95.0,17.1041,17.42,DMK,95.0,17.1041,0.0,6.969999999999999,0.0,12.542399999999999,0.0,0,0,1,2,3,6
TA-AC0232,Tamil Nadu,Urban,INC,67.8,21.7793,20.1001,INC,74.88,34.5223,17.6986,INC,70.74,27.0748,-10.3437,7.079999999999998,-4.140000000000001,12.743000000000002,-7.447500000000002,0,0,1,0,3,7
AS-AC0233,Assam,Rural,AGP,69.19,12.1016,-0.3653,AGP,69.7,13.0265,1.2845,AGP,73.97,20.7007,10.6586,0.5100000000000051,4.269999999999996,0.9249000000000009,7.674200000000001,0,0,1,2,0,0
PU-AC0234,Puducherry,Rural,INC,74.76,7.1565,-6.885,INC,75.1,7.7762,0.8607,INC,77.66,12.3754,6.3878,0.3399999999999892,2.5600000000000023,0.6196999999999999,4.599200000000001,0,0,1,2,2,7
TA-AC0235,Tamil Nadu,Urban,BJP,66.1,1.3313,-0.7784,DMK,65.38,0.0318,-1.8048,DMK,78.15,23.0222,31.9311,-0.7199999999999989,12.77000000000001,-1.2994999999999999,22.9904,1,0,1,0,3,6
KE-AC0236,Kerala,Rural,INC,74.81,-2.4613,-14.3828,BJP,78.49,4.1571,9.1923,LDF,75.82,-0.6535,-6.6814,3.6799999999999926,-2.6700000000000017,6.618399999999999,-4.8106,1,1,0,2,1,4
TA-AC0237,Tamil Nadu,Urban,AIADMK,69.54,24.6537,6.5636,AIADMK,72.87,30.6571,8.3381,AIADMK,71.16,27.5773,-4.2776,3.3299999999999983,-1.710000000000008,6.003399999999999,-3.0797999999999988,0,0,1,0,3,1
KE-AC0238,Kerala,Semi-Urban,UDF,68.71,2.7369,-4.0365,UDF,64.89,-4.14,-9.5512,BJP,66.59,-1.0901,4.236,-3.819999999999993,1.7000000000000028,-6.876899999999999,3.0498999999999996,0,1,0,1,1,10
WE-AC0239,West Bengal,Semi-Urban,TMC,74.63,9.8609,0.0581,TMC,75.69,11.7693,2.6506,TMC,75.51,11.4451,-0.4503,1.0600000000000023,-0.1799999999999926,1.9083999999999985,-0.3241999999999994,0,0,1,1,4,9
TA-AC0240,Tamil Nadu,Urban,AIADMK,65.01,18.2625,9.8573,AIADMK,69.76,26.8117,11.8739,AIADMK,80.11,45.4566,25.8956,4.75,10.349999999999994,8.549199999999999,18.644900000000003,0,0,1,0,3,1
TA-AC0241,Tamil Nadu,Urban,BJP,60.36,11.5204,5.9644,BJP,61.44,13.4714,2.7097,BJP,62.66,15.6616,3.0419,1.0799999999999983,1.2199999999999989,1.9509999999999987,2.190200000000001,0,0,1,0,3,4
AS-AC0242,Assam,Rural,AIUDF,86.11,5.603,-1.1807,AGP,77.63,-9.6744,-21.2185,AGP,75.19,-14.0507,-6.0782,-8.480000000000004,-2.4399999999999977,-15.2774,-4.3763000000000005,1,0,0,2,0,0
TA-AC0243,Tamil Nadu,Urban,BJP,65.57,14.5138,16.4105,BJP,66.57,16.308,2.492,BJP,68.26,19.3426,4.2147,1.0,1.690000000000012,1.7942,3.034600000000001,0,0,1,0,3,4
WE-AC0244,West Bengal,Rural,TMC,89.97,7.0411,5.135,TMC,91.68,10.1323,4.2933,TMC,93.21,12.8859,3.8244,1.710000000000008,1.529999999999987,3.0912000000000006,2.7535999999999987,0,0,1,2,4,9
AS-AC0245,Assam,Rural,AIUDF,75.71,34.5099,-6.7546,AIUDF,77.59,37.8907,4.6956,AIUDF,73.56,30.6435,-10.0656,1.8800000000000097,-4.030000000000001,3.3808000000000007,-7.247200000000003,0,0,1,2,0,3
KE-AC0246,Kerala,Rural,INC,70.82,24.1905,1.2585,INC,74.94,31.597,10.2868,INC,69.67,22.1164,-13.1675,4.1200000000000045,-5.269999999999996,7.406500000000001,-9.480600000000003,0,0,1,2,1,7
WE-AC0247,West Bengal,Rural,INC,87.61,17.8769,11.097,INC,89.25,20.8276,4.0982,INC,88.29,19.0905,-2.4126,1.6400000000000006,-0.9599999999999937,2.950700000000001,-1.7371000000000016,0,0,1,2,4,7
KE-AC0248,Kerala,Urban,BJP,44.37,-11.5649,-22.7699,UDF,44.93,-10.5509,1.4083,BJP,49.33,-2.6266,11.006,0.5600000000000023,4.399999999999999,1.0139999999999993,7.924300000000001,1,1,0,0,1,10
AS-AC0249,Assam,Urban,BJP,59.7,15.1485,-0.6739,BJP,61.87,19.0428,5.4087,BJP,65.4,25.413,8.8475,2.1699999999999946,3.5300000000000082,3.8942999999999994,6.3702000000000005,0,0,1,0,0,4
WE-AC0250,West Bengal,Rural,BJP,80.55,7.6302,8.0806,BJP,82.02,10.2747,3.6729,BJP,89.37,23.5096,18.3818,1.4699999999999989,7.3500000000000085,2.644499999999999,13.2349,0,0,1,2,4,4
WE-AC0251,West Bengal,Urban,TMC,51.39,1.7193,-2.9627,CPIM,44.96,-9.8466,-16.0638,INC,48.08,-4.2361,7.7923,-6.43,3.1199999999999974,-11.565900000000001,5.6105,1,1,0,0,4,5
AS-AC0252,Assam,Semi-Urban,AGP,73.39,21.2884,7.9438,AGP,75.63,25.3143,5.5916,AGP,84.64,41.5351,22.5289,2.239999999999995,9.010000000000005,4.0259,16.2208,0,0,1,1,0,0
AS-AC0253,Assam,Rural,BJP,76.48,2.2364,0.3606,BJP,77.87,4.7386,3.4753,BJP,82.52,13.1159,11.6351,1.3900000000000006,4.6499999999999915,2.5021999999999998,8.3773,0,0,1,2,0,4
WE-AC0254,West Bengal,Rural,INC,94.02,24.912,26.8753,INC,86.78,11.8798,-18.1003,INC,84.02,6.9267,-6.8793,-7.239999999999995,-2.760000000000005,-13.0322,-4.953099999999999,0,0,1,2,4,7
WE-AC0255,West Bengal,Rural,INC,76.83,10.8831,-3.5508,INC,76.52,10.3249,-0.7753,INC,79.06,14.8936,6.3454,-0.3100000000000023,2.5400000000000063,-0.5582000000000011,4.5687,0,0,1,2,4,7
AS-AC0256,Assam,Rural,BJP,76.18,2.5042,-5.026,AGP,72.59,-3.947,-8.96,AIUDF,68.87,-10.6493,-9.3088,-3.5900000000000034,-3.719999999999999,-6.4512,-6.7023,1,1,0,2,0,0
WE-AC0257,West Bengal,Urban,TMC,60.65,2.6928,-4.6955,TMC,59.87,1.2867,-1.953,TMC,61.09,3.4803,3.0466,-0.7800000000000011,1.220000000000006,-1.4061000000000001,2.1936,0,0,0,0,4,9
KE-AC0258,Kerala,Urban,UDF,57.52,6.5166,7.6006,UDF,57.85,7.1102,0.8244,LDF,52.02,-3.3842,-14.5755,0.3299999999999983,-5.829999999999998,0.5935999999999995,-10.494399999999999,0,1,0,0,1,10
KE-AC0259,Kerala,Semi-Urban,UDF,63.27,-7.8746,-17.9426,LDF,57.47,-18.3197,-14.5071,LDF,56.2,-20.6003,-3.1675,-5.800000000000004,-1.269999999999996,-10.4451,-2.2805999999999997,1,0,0,1,1,8
PU-AC0260,Puducherry,Rural,BJP,85.98,10.8214,13.3062,BJP,86.76,12.2281,1.9538,BJP,90.73,19.3738,9.9246,0.7800000000000011,3.969999999999999,1.406699999999999,7.1457,0,0,1,2,2,4
KE-AC0261,Kerala,Urban,INC,65.44,10.8426,-0.8722,INC,63.96,8.1817,-3.6957,INC,59.47,0.0924,-11.2352,-1.4799999999999969,-4.490000000000002,-2.6609,-8.0893,0,0,0,0,1,7
PU-AC0262,Puducherry,Rural,DMK,75.67,9.8273,8.9504,DMK,73.74,6.3493,-4.8306,DMK,74.33,7.4062,1.4679,-1.9300000000000068,0.5900000000000034,-3.477999999999999,1.0568999999999997,0,0,1,2,2,6
WE-AC0263,West Bengal,Rural,INC,77.83,7.1525,3.4282,INC,74.5,1.16,-8.3229,CPIM,65.66,-14.7459,-22.0915,-3.3299999999999983,-8.840000000000003,-5.9925,-15.9059,0,1,0,2,4,7
AS-AC0264,Assam,Semi-Urban,INC,60.04,2.8573,-8.9619,AIUDF,57.94,-0.932,-5.2629,AIUDF,63.96,9.9099,15.0582,-2.1000000000000014,6.020000000000003,-3.7893,10.8419,1,0,1,1,0,3
KE-AC0265,Kerala,Rural,LDF,74.32,11.8558,0.068,LDF,76.13,15.1076,4.5163,LDF,71.83,7.3683,-10.749,1.8100000000000023,-4.299999999999997,3.2517999999999994,-7.7393,0,0,1,2,1,8
KE-AC0266,Kerala,Rural,UDF,68.93,-3.2903,-6.4557,UDF,79.64,15.9921,26.7811,UDF,77.7,12.4954,-4.8565,10.709999999999994,-1.9399999999999977,19.2824,-3.4967000000000006,0,0,1,2,1,10
WE-AC0267,West Bengal,Urban,CPIM,68.12,15.2618,-1.4083,CPIM,67.44,14.048,-1.6859,CPIM,64.85,9.3846,-6.4769,-0.6800000000000068,-2.5900000000000034,-1.213799999999999,-4.663399999999999,0,0,1,0,4,5
KE-AC0268,Kerala,Urban,BJP,68.12,5.8257,1.3146,INC,62.48,-4.3241,-14.0969,INC,64.34,-0.9762,4.6498,-5.640000000000008,1.8600000000000065,-10.149799999999999,3.3478999999999997,1,0,0,0,1,7
WE-AC0269,West Bengal,Rural,CPIM,76.97,-1.8073,-17.4853,CPIM,82.19,7.5839,13.0434,INC,75.54,-4.386,-16.6249,5.219999999999999,-6.6499999999999915,9.3912,-11.969899999999999,0,1,0,2,4,5
TA-AC0270,Tamil Nadu,Urban,AIADMK,55.61,0.7948,-2.1492,INC,54.38,-1.423,-3.0803,AIADMK,57.5,4.1906,7.7966,-1.2299999999999969,3.1199999999999974,-2.2178,5.6136,1,1,0,0,3,7
AS-AC0271,Assam,Urban,AGP,66.38,12.4383,-4.9827,AGP,62.91,6.2066,-8.6551,AGP,63.75,7.7068,2.0836,-3.469999999999999,0.8400000000000034,-6.2317,1.5002000000000004,0,0,1,0,0,0
TA-AC0272,Tamil Nadu,Semi-Urban,AIADMK,87.72,16.8244,20.3568,AIADMK,87.83,17.0257,0.2795,AIADMK,89.5,20.0366,4.1819,0.10999999999999943,1.6700000000000017,0.2012999999999998,3.0108999999999995,0,0,1,1,3,1
KE-AC0273,Kerala,Urban,LDF,64.2,7.5746,7.3639,UDF,57.77,-3.9984,-16.0736,UDF,54.17,-10.4769,-8.9979,-6.43,-3.6000000000000014,-11.573,-6.4785,1,0,0,0,1,10
PU-AC0274,Puducherry,Semi-Urban,INC,59.17,32.6997,-14.5317,INC,48.67,13.8084,-26.2379,INC,43.79,5.0196,-12.2067,-10.5,-4.880000000000003,-18.8913,-8.788800000000002,0,0,1,1,2,7
WE-AC0275,West Bengal,Urban,INC,57.94,4.8495,3.2984,INC,68.47,23.8066,26.3292,INC,61.25,10.8062,-18.0561,10.530000000000001,-7.219999999999999,18.9571,-13.000399999999999,0,0,1,0,4,7
KE-AC0276,Kerala,Rural,LDF,86.11,16.1615,8.4877,LDF,86.23,16.3811,0.305,LDF,80.94,6.862,-13.221,0.12000000000000455,-5.290000000000006,0.2195999999999998,-9.5191,0,0,1,2,1,8
AS-AC0277,Assam,Semi-Urban,BJP,66.46,4.0557,1.6627,BJP,67.75,6.3914,3.244,AIUDF,66.32,3.8144,-3.5791,1.2900000000000063,-1.4300000000000068,2.3357,-2.577,0,1,0,1,0,4
AS-AC0278,Assam,Rural,BJP,82.79,-2.2861,-6.3434,BJP,89.66,10.0896,17.1885,BJP,88.52,8.0224,-2.8711,6.86999999999999,-1.1400000000000006,12.3757,-2.0672000000000015,0,0,1,2,0,4
PU-AC0279,Puducherry,Rural,DMK,83.14,5.4875,4.6769,DMK,87.48,13.3052,10.8579,DMK,87.87,14.0107,0.9798,4.340000000000003,0.39000000000000057,7.817699999999999,0.7055000000000007,0,0,1,2,2,6
AS-AC0280,Assam,Urban,AGP,68.06,15.9557,19.679,AGP,68.14,16.0909,0.1878,AGP,70.75,20.7976,6.5371,0.0799999999999983,2.6099999999999994,0.1352000000000011,4.706699999999998,0,0,1,0,0,0
TA-AC0281,Tamil Nadu,Rural,BJP,95.0,24.0187,4.0811,BJP,95.0,24.0187,0.0,BJP,90.37,15.686,-11.5732,0.0,-4.6299999999999955,0.0,-8.332699999999999,0,0,1,2,3,4
TA-AC0282,Tamil Nadu,Rural,BJP,83.29,15.0374,9.5515,BJP,91.73,30.232,21.1035,BJP,87.05,21.8185,-11.6854,8.439999999999998,-4.680000000000007,15.1946,-8.413499999999999,0,0,1,2,3,4
PU-AC0283,Puducherry,Rural,AINRC,71.71,-4.4697,-7.9443,INC,67.3,-12.4061,-11.0228,DMK,63.9,-18.5255,-8.4992,-4.409999999999997,-3.3999999999999986,-7.936400000000001,-6.119400000000001,1,1,0,2,2,7
TA-AC0284,Tamil Nadu,Rural,INC,89.41,10.6687,9.4753,INC,86.32,5.104,-7.7288,INC,87.95,8.0348,4.0705,-3.0900000000000034,1.6300000000000097,-5.564699999999999,2.9308000000000005,0,0,1,2,3,7
AS-AC0285,Assam,Semi-Urban,AGP,64.79,-3.8092,-6.8396,BJP,62.65,-7.6656,-5.3561,BJP,66.08,-1.498,8.5662,-2.1400000000000077,3.4299999999999997,-3.8564000000000003,6.1676,1,0,0,1,0,4
WE-AC0286,West Bengal,Urban,INC,66.28,5.3811,4.8596,INC,67.67,7.8951,3.4917,INC,70.36,12.7266,6.7104,1.3900000000000006,2.6899999999999977,2.5140000000000002,4.831499999999999,0,0,1,0,4,7
WE-AC0287,West Bengal,Rural,BJP,80.3,-0.2336,-11.2742,BJP,88.74,14.9544,21.0944,BJP,91.88,20.6035,7.846,8.439999999999998,3.1400000000000006,15.187999999999999,5.649100000000001,0,0,1,2,4,4
PU-AC0288,Puducherry,Semi-Urban,BJP,63.39,15.1948,2.1329,BJP,63.39,15.2035,0.0121,BJP,60.12,9.3205,-8.1709,0.0,-3.270000000000003,0.008699999999999264,-5.883000000000001,0,0,1,1,2,4
AS-AC0289,Assam,Urban,AIUDF,71.85,14.0012,12.3571,AIUDF,73.56,17.072,4.265,AIUDF,72.2,14.6309,-3.3905,1.710000000000008,-1.3599999999999994,3.0707999999999984,-2.4410999999999987,0,0,1,0,0,3
KE-AC0290,Kerala,Urban,LDF,68.87,3.2889,2.7984,BJP,62.96,-7.3479,-14.7733,LDF,63.99,-5.492,2.5776,-5.910000000000004,1.0300000000000011,-10.636800000000001,1.8559,1,1,0,0,1,4
WE-AC0291,West Bengal,Urban,CPIM,66.05,16.0687,10.0371,CPIM,74.8,31.8186,21.8749,CPIM,69.64,22.528,-12.9036,8.75,-5.159999999999997,15.7499,-9.290600000000001,0,0,1,0,4,5
AS-AC0292,Assam,Rural,AGP,80.14,0.4231,-9.7355,BJP,82.05,3.8529,4.7636,BJP,84.07,7.4923,5.0547,1.9099999999999966,2.019999999999996,3.4298,3.6394,1,0,1,2,0,4
KE-AC0293,Kerala,Rural,LDF,72.8,-3.7929,-17.6908,INC,70.02,-8.7948,-6.9471,LDF,68.38,-11.7416,-4.0928,-2.780000000000001,-1.6400000000000006,-5.001900000000001,-2.9467999999999996,1,1,0,2,1,7
WE-AC0294,West Bengal,Urban,CPIM,58.93,1.6287,0.1538,CPIM,62.75,8.5054,9.551,TMC,58.62,1.0687,-10.3287,3.8200000000000003,-4.130000000000003,6.8767,-7.4367,0,1,0,0,4,5
PU-AC0295,Puducherry,Semi-Urban,AINRC,71.75,8.8626,1.496,AINRC,76.03,16.5638,10.6961,AINRC,76.79,17.9291,1.8963,4.280000000000001,0.7600000000000051,7.7012,1.3652999999999977,0,0,1,1,2,2
KE-AC0296,Kerala,Rural,BJP,81.89,10.3672,7.5605,BJP,81.63,9.8953,-0.6555,BJP,89.56,24.1635,19.8169,-0.2600000000000051,7.930000000000007,-0.47189999999999976,14.268199999999998,0,0,1,2,1,4
WE-AC0297,West Bengal,Rural,TMC,89.77,12.7313,12.3613,TMC,90.13,13.3696,0.8866,TMC,90.92,14.7903,1.9732,0.35999999999999943,0.7900000000000063,0.638300000000001,1.4207,0,0,1,2,4,9
AS-AC0298,Assam,Rural,BJP,78.37,7.558,1.3978,BJP,80.0,10.4951,4.0793,BJP,79.5,9.5953,-1.2498,1.6299999999999955,-0.5,2.937100000000001,-0.8998000000000008,0,0,1,2,0,4
KE-AC0299,Kerala,Rural,LDF,72.36,3.8841,-12.2071,LDF,70.33,0.2255,-5.0814,INC,69.74,-0.8385,-1.4778,-2.030000000000001,-0.5900000000000034,-3.6586000000000003,-1.064,0,1,0,2,1,8
TA-AC0300,Tamil Nadu,Urban,DMK,68.56,25.2084,21.0381,DMK,67.47,23.2427,-2.7302,DMK,68.93,25.8716,3.6513,-1.0900000000000034,1.460000000000008,-1.9657000000000018,2.6289000000000016,0,0,1,0,3,6
PU-AC0301,Puducherry,Rural,BJP,78.27,2.7866,-9.0205,BJP,74.8,-3.475,-8.6966,AINRC,79.3,4.6281,11.2543,-3.469999999999999,4.5,-6.2616,8.1031,0,1,0,2,2,4
WE-AC0302,West Bengal,Semi-Urban,BJP,61.96,5.2675,-14.1254,TMC,54.98,-7.2882,-17.4385,TMC,55.46,-6.4313,1.1902,-6.980000000000004,0.480000000000004,-12.5557,0.8568999999999996,1,0,0,1,4,9
TA-AC0303,Tamil Nadu,Urban,INC,56.88,-0.1032,-9.9435,INC,46.63,-18.552,-25.6233,DMK,45.87,-19.9274,-1.9103,-10.25,-0.7600000000000051,-18.4488,-1.375399999999999,0,1,0,0,3,7
KE-AC0304,Kerala,Semi-Urban,INC,69.5,-0.0303,-4.886,INC,68.42,-1.9671,-2.6899,INC,74.68,9.3021,15.6517,-1.0799999999999983,6.260000000000005,-1.9368,11.2692,0,0,1,1,1,7
TA-AC0305,Tamil Nadu,Semi-Urban,INC,68.73,3.582,1.3575,INC,62.63,-7.3959,-15.2471,DMK,57.21,-17.1415,-13.5356,-6.100000000000001,-5.420000000000002,-10.9779,-9.7456,0,1,0,1,3,7
WE-AC0306,West Bengal,Rural,INC,70.21,32.0975,2.5557,INC,74.17,39.2159,9.8867,INC,68.76,29.4855,-13.5145,3.960000000000008,-5.409999999999997,7.118400000000001,-9.7304,0,0,1,2,4,7
KE-AC0307,Kerala,Urban,INC,63.84,6.8165,2.4395,INC,62.95,5.2094,-2.232,INC,68.91,15.9364,14.8986,-0.8900000000000006,5.959999999999994,-1.6071,10.727,0,0,1,0,1,7
KE-AC0308,Kerala,Rural,INC,83.29,14.4865,6.3573,INC,80.47,9.3971,-7.0686,INC,80.3,9.0896,-0.427,-2.8200000000000074,-0.1700000000000017,-5.0893999999999995,-0.3074999999999992,0,0,1,2,1,7
TA-AC0309,Tamil Nadu,Semi-Urban,DMK,66.56,-3.8834,-15.9372,DMK,71.73,5.4186,12.9195,DMK,77.13,15.1302,13.4883,5.170000000000002,5.3999999999999915,9.302,9.7116,0,0,1,1,3,6
WE-AC0310,West Bengal,Urban,INC,58.85,5.6201,-3.1772,INC,63.98,14.8479,12.8164,INC,66.21,18.8633,5.5769,5.1299999999999955,2.229999999999997,9.227799999999998,4.0154,0,0,1,0,4,7
PU-AC0311,Puducherry,Semi-Urban,BJP,71.82,15.7497,15.7811,BJP,67.14,7.3256,-11.7002,BJP,70.54,13.4352,8.4856,-4.679999999999993,3.4000000000000057,-8.424100000000001,6.1096,0,0,1,1,2,4
AS-AC0312,Assam,Rural,AIUDF,79.3,3.7441,-3.8308,AIUDF,81.09,6.9813,4.4961,AIUDF,81.89,8.4104,1.9849,1.7900000000000063,0.7999999999999972,3.2372,1.4290999999999991,0,0,1,2,0,3
WE-AC0313,West Bengal,Semi-Urban,BJP,64.7,2.9645,1.8474,BJP,72.8,17.5345,20.2361,BJP,72.82,17.5835,0.068,8.099999999999994,0.01999999999999602,14.57,0.04899999999999949,0,0,1,1,4,4
TA-AC0314,Tamil Nadu,Rural,BJP,73.89,-3.2093,-13.1407,INC,78.24,4.6185,10.872,INC,78.97,5.9277,1.8184,4.349999999999994,0.730000000000004,7.8278,1.3091999999999997,1,0,1,2,3,7
WE-AC0315,West Bengal,Urban,INC,62.79,3.2539,1.8494,INC,69.26,14.8932,16.1657,INC,64.86,6.9825,-10.987,6.470000000000006,-4.400000000000006,11.6393,-7.9107,0,0,1,0,4,7
AS-AC0316,Assam,Semi-Urban,INC,65.86,4.9348,4.6217,INC,73.96,19.5098,20.2431,INC,68.5,9.6949,-13.6317,8.099999999999994,-5.459999999999994,14.575,-9.814899999999998,0,0,1,1,0,7
TA-AC0317,Tamil Nadu,Urban,INC,67.71,10.4905,7.5939,INC,73.16,20.2912,13.6121,INC,69.18,13.1272,-9.95,5.450000000000003,-3.9799999999999898,9.800699999999999,-7.164,0,0,1,0,3,7
TA-AC0318,Tamil Nadu,Semi-Urban,BJP,75.98,0.8241,-3.1778,DMK,73.06,-4.4253,-7.2908,BJP,77.25,3.1197,10.4791,-2.9200000000000017,4.189999999999998,-5.2494,7.545,1,1,0,1,3,6
AS-AC0319,Assam,Rural,AIUDF,86.22,14.3254,15.6226,AIUDF,88.69,18.7785,6.1849,AIUDF,87.86,17.2847,-2.0748,2.469999999999999,-0.8299999999999983,4.453100000000001,-1.4938000000000002,0,0,1,2,0,3
PU-AC0320,Puducherry,Urban,INC,64.6,2.2237,-4.5209,DMK,62.72,-1.1606,-4.7004,BJP,63.79,0.7537,2.6588,-1.8799999999999955,1.0700000000000003,-3.3843,1.9143000000000001,1,1,0,0,2,6
PU-AC0321,Puducherry,Urban,DMK,73.63,-8.7757,-14.6341,DMK,82.65,7.4729,22.5675,DMK,81.42,5.2595,-3.0742,9.02000000000001,-1.230000000000004,16.2486,-2.2134,0,0,1,0,2,6
KE-AC0322,Kerala,Semi-Urban,BJP,66.7,14.8964,10.0751,BJP,63.96,9.9671,-6.8463,BJP,67.12,15.6596,7.9063,-2.740000000000002,3.1600000000000037,-4.9293,5.692499999999999,0,0,1,1,1,4
TA-AC0323,Tamil Nadu,Rural,DMK,74.06,-2.9858,-5.9771,DMK,67.95,-13.975,-15.2627,AIADMK,68.08,-13.7405,0.3258,-6.109999999999999,0.12999999999999545,-10.9892,0.23449999999999882,0,1,0,2,3,6
TA-AC0324,Tamil Nadu,Rural,AIADMK,72.33,-5.0612,-14.6156,BJP,74.3,-1.5203,4.918,BJP,81.11,10.7345,17.0206,1.9699999999999989,6.810000000000002,3.5409000000000006,12.254800000000001,1,0,1,2,3,4
KE-AC0325,Kerala,Urban,BJP,65.79,11.4254,-1.522,BJP,64.52,9.1505,-3.1596,BJP,68.94,17.093,11.0313,-1.2700000000000102,4.420000000000002,-2.2749000000000006,7.942500000000001,0,0,1,0,1,4
TA-AC0326,Tamil Nadu,Semi-Urban,AIADMK,65.76,9.7456,2.1365,INC,62.32,3.5535,-8.6001,AIADMK,58.2,-3.8626,-10.3001,-3.440000000000005,-4.119999999999997,-6.1921,-7.4161,1,1,0,1,3,7
WE-AC0327,West Bengal,Rural,INC,81.92,12.3934,-3.6536,INC,78.31,5.8893,-9.0334,INC,77.95,5.2469,-0.8923,-3.6099999999999994,-0.35999999999999943,-6.504099999999999,-0.6424000000000003,0,0,1,2,4,7
PU-AC0328,Puducherry,Rural,INC,81.59,14.7148,12.1338,INC,81.84,15.1697,0.6318,INC,87.08,24.6045,13.1038,0.25,5.239999999999995,0.4549000000000003,9.434800000000001,0,0,1,2,2,7
AS-AC0329,Assam,Rural,AGP,73.22,-14.5217,-25.5837,AIUDF,70.29,-19.7886,-7.3151,INC,66.2,-27.1556,-10.232,-2.9299999999999926,-4.090000000000003,-5.2669,-7.367000000000001,1,1,0,2,0,3
AS-AC0330,Assam,Semi-Urban,INC,70.8,-2.8772,-11.4879,INC,73.47,1.9203,6.6631,INC,75.32,5.251,4.6259,2.6700000000000017,1.8499999999999943,4.7975,3.3307,0,0,1,1,0,7
PU-AC0331,Puducherry,Rural,DMK,79.53,17.4747,4.6206,DMK,82.66,23.1151,7.8339,DMK,81.65,21.304,-2.5154,3.1299999999999955,-1.009999999999991,5.640400000000003,-1.8111000000000033,0,0,1,2,2,6
PU-AC0332,Puducherry,Rural,DMK,74.08,-6.3077,-10.3817,AINRC,80.07,4.4734,14.9737,INC,78.05,0.8406,-5.0455,5.989999999999995,-2.019999999999996,10.781099999999999,-3.6327999999999996,1,1,0,2,2,2
WE-AC0333,West Bengal,Semi-Urban,TMC,67.23,7.5744,7.9293,TMC,71.11,14.5612,9.7039,TMC,74.32,20.3454,8.0337,3.8799999999999955,3.2099999999999937,6.9868,5.784200000000002,0,0,1,1,4,9
WE-AC0334,West Bengal,Urban,BJP,63.55,5.0572,4.4861,TMC,62.13,2.5026,-3.5481,INC,60.62,-0.2211,-3.783,-1.4199999999999946,-1.5100000000000051,-2.5545999999999998,-2.7237,1,1,0,0,4,9
TA-AC0335,Tamil Nadu,Rural,AIADMK,80.59,9.2606,6.766,AIADMK,78.45,5.4017,-5.3596,AIADMK,80.61,9.2899,5.4002,-2.1400000000000006,2.1599999999999966,-3.8589,3.8881999999999994,0,0,1,2,3,1
AS-AC0336,Assam,Semi-Urban,BJP,77.31,30.1217,7.7894,BJP,79.14,33.4177,4.5777,BJP,85.84,45.474,16.7449,1.8299999999999983,6.700000000000003,3.296000000000003,12.056299999999993,0,0,1,1,0,4
WE-AC0337,West Bengal,Rural,INC,80.13,-2.6459,-5.3473,CPIM,77.28,-7.7759,-7.1249,BJP,83.06,2.6239,14.4442,-2.8499999999999943,5.780000000000001,-5.13,10.399799999999999,1,1,0,2,4,5
TA-AC0338,Tamil Nadu,Rural,DMK,91.96,28.2732,29.2336,DMK,93.19,30.4794,3.0641,DMK,95.0,33.7398,4.5283,1.230000000000004,1.8100000000000023,2.206199999999999,3.260400000000004,0,0,1,2,3,6
WE-AC0339,West Bengal,Rural,CPIM,74.62,9.6975,-0.4821,CPIM,75.37,11.0451,1.8716,CPIM,76.29,12.7006,2.2993,0.75,0.9200000000000017,1.3476,1.6555,0,0,1,2,4,5
TA-AC0340,Tamil Nadu,Semi-Urban,INC,79.77,12.2268,6.1701,INC,82.5,17.1485,6.8357,INC,77.04,7.3136,-13.6596,2.730000000000004,-5.459999999999994,4.921699999999998,-9.834899999999998,0,0,1,1,3,7
KE-AC0341,Kerala,Rural,LDF,74.7,1.6701,-4.963,LDF,69.79,-7.1634,-12.2688,LDF,68.05,-10.2928,-4.3465,-4.909999999999997,-1.740000000000009,-8.8335,-3.1293999999999995,0,0,0,2,1,8
AS-AC0342,Assam,Rural,AIUDF,70.49,-10.827,-17.0736,AGP,66.03,-18.866,-11.1652,BJP,70.97,-9.9682,12.3581,-4.459999999999994,4.939999999999998,-8.039,8.8978,1,1,0,2,0,0
PU-AC0343,Puducherry,Rural,BJP,78.57,10.8008,3.4006,BJP,81.25,15.6355,6.7148,BJP,83.9,20.3977,6.6142,2.680000000000007,2.6500000000000057,4.8347,4.7622,0,0,1,2,2,4
PU-AC0344,Puducherry,Rural,AINRC,78.79,5.5621,-2.6726,AINRC,80.35,8.3569,3.8817,AINRC,80.5,8.6357,0.3873,1.559999999999988,0.15000000000000568,2.7947999999999995,0.2788000000000004,0,0,1,2,2,2
TA-AC0345,Tamil Nadu,Rural,INC,74.71,-3.5776,-14.4389,AIADMK,75.4,-2.3271,1.7368,INC,72.6,-7.3767,-7.0134,0.6900000000000119,-2.8000000000000114,1.2504999999999997,-5.0496,1,1,0,2,3,1
TA-AC0346,Tamil Nadu,Rural,INC,77.16,2.8401,-10.6672,BJP,76.7,2.0004,-1.1663,BJP,73.8,-3.2058,-7.2309,-0.45999999999999375,-2.9000000000000057,-0.8397000000000001,-5.2062,1,0,0,2,3,4
TA-AC0347,Tamil Nadu,Urban,BJP,61.46,-4.2652,-11.4826,INC,64.74,1.63,8.1878,INC,70.89,12.7031,15.3793,3.279999999999994,6.150000000000006,5.8952,11.0731,1,0,1,0,3,7
TA-AC0348,Tamil Nadu,Semi-Urban,DMK,76.12,13.1145,3.4059,DMK,77.68,15.9275,3.907,DMK,72.38,6.3769,-13.2647,1.5600000000000023,-5.300000000000011,2.8130000000000006,-9.5506,0,0,1,1,3,6
PU-AC0349,Puducherry,Rural,BJP,79.2,24.4392,-2.5584,BJP,77.89,22.0839,-3.2712,BJP,71.39,10.3943,-16.2356,-1.3100000000000023,-6.5,-2.3552999999999997,-11.6896,0,0,1,2,2,4
WE-AC0350,West Bengal,Semi-Urban,TMC,70.74,-5.564,-10.1966,INC,70.65,-5.7336,-0.2355,TMC,69.95,-6.989,-1.7435,-0.0899999999999892,-0.7000000000000028,-0.16959999999999997,-1.2553999999999998,1,1,0,1,4,7
AS-AC0351,Assam,Semi-Urban,INC,77.66,19.5817,13.4667,INC,78.71,21.4814,2.6385,INC,72.61,10.5056,-15.2442,1.0499999999999972,-6.099999999999994,1.8996999999999993,-10.975800000000001,0,0,1,1,0,7
AS-AC0352,Assam,Urban,AGP,69.35,4.8173,5.1247,INC,69.05,4.2836,-0.7413,AGP,68.08,2.5401,-2.4215,-0.29999999999999716,-0.9699999999999989,-0.5337000000000005,-1.7435,1,1,0,0,0,7
KE-AC0353,Kerala,Rural,UDF,89.36,35.9162,14.8725,UDF,87.04,31.7398,-5.8005,UDF,88.0,33.4635,2.394,-2.319999999999993,0.9599999999999937,-4.1764000000000046,1.7237000000000045,0,0,1,2,1,10
TA-AC0354,Tamil Nadu,Semi-Urban,AIADMK,65.83,13.2015,2.0677,AIADMK,71.49,23.404,14.1702,AIADMK,74.22,28.3096,6.8134,5.659999999999997,2.730000000000004,10.2025,4.9056,0,0,1,1,3,1
KE-AC0355,Kerala,Rural,LDF,71.76,14.5862,-3.396,LDF,69.38,10.2922,-5.964,LDF,73.67,18.0269,10.7427,-2.3800000000000097,4.290000000000006,-4.2940000000000005,7.734700000000002,0,0,1,2,1,8
PU-AC0356,Puducherry,Rural,AINRC,84.66,21.2422,14.5326,AINRC,79.3,11.6042,-13.3861,AINRC,82.08,16.5932,6.9292,-5.359999999999999,2.780000000000001,-9.638,4.988999999999999,0,0,1,2,2,2
AS-AC0357,Assam,Rural,INC,80.0,9.8487,-4.7942,INC,80.01,9.868,0.0269,BJP,69.2,-9.5852,-27.0184,0.010000000000005116,-10.810000000000002,0.019300000000001205,-19.453200000000002,0,1,0,2,0,7
PU-AC0358,Puducherry,Rural,DMK,76.56,1.9204,0.0409,DMK,79.74,7.6312,7.9317,DMK,79.67,7.5121,-0.1654,3.1799999999999926,-0.06999999999999318,5.7108,-0.11909999999999954,0,0,1,2,2,6
TA-AC0359,Tamil Nadu,Rural,INC,87.78,6.3417,0.8528,INC,91.02,12.1657,8.0889,INC,93.2,16.1002,5.4646,3.239999999999995,2.180000000000007,5.823999999999999,3.9345000000000017,0,0,1,2,3,7
PU-AC0360,Puducherry,Urban,AINRC,64.6,17.4691,7.7976,AINRC,58.11,5.784,-16.2293,AINRC,59.52,8.3287,3.5343,-6.489999999999995,1.4100000000000037,-11.685100000000002,2.5446999999999997,0,0,1,0,2,2
AS-AC0361,Assam,Semi-Urban,BJP,71.81,13.1019,5.6941,BJP,74.06,17.144,5.614,BJP,76.49,21.5103,6.0643,2.25,2.4299999999999926,4.042099999999998,4.3663000000000025,0,0,1,1,0,4
TA-AC0362,Tamil Nadu,Urban,AIADMK,53.94,-0.9643,-10.9205,BJP,52.04,-4.3821,-4.747,DMK,56.17,3.0564,10.3312,-1.8999999999999986,4.130000000000003,-3.4178,7.4385,1,1,0,0,3,4
AS-AC0363,Assam,Semi-Urban,BJP,76.42,21.4127,15.909,BJP,72.0,13.4709,-11.0302,BJP,73.44,16.0558,3.5902,-4.420000000000002,1.4399999999999977,-7.941800000000001,2.584900000000001,0,0,1,1,0,4
AS-AC0364,Assam,Urban,AGP,69.54,17.0604,17.4464,AGP,68.42,15.0371,-2.8102,AGP,70.11,18.0969,4.2497,-1.1200000000000045,1.6899999999999977,-2.0233000000000008,3.059800000000001,0,0,1,0,0,0
KE-AC0365,Kerala,Urban,INC,75.87,6.1004,4.3296,INC,70.35,-3.8184,-13.7762,INC,68.1,-7.8848,-5.6477,-5.52000000000001,-2.25,-9.9188,-4.0664,0,0,0,0,1,7
KE-AC0366,Kerala,Rural,LDF,64.55,-2.8462,-18.7992,LDF,72.03,10.6247,18.7097,LDF,73.59,13.4299,3.8961,7.480000000000004,1.5600000000000023,13.4709,2.8051999999999992,0,0,1,2,1,8
TA-AC0367,Tamil Nadu,Rural,BJP,95.0,29.513,9.5463,BJP,94.83,29.2091,-0.422,BJP,95.0,29.513,0.422,-0.1700000000000017,0.1700000000000017,-0.3039000000000023,0.3039000000000023,0,0,1,2,3,4
TA-AC0368,Tamil Nadu,Rural,DMK,79.76,22.1401,-4.2499,DMK,84.13,30.0061,10.925,DMK,86.99,35.161,7.1595,4.36999999999999,2.8599999999999994,7.866,5.154900000000001,0,0,1,2,3,6
WE-AC0369,West Bengal,Rural,BJP,85.55,9.2271,8.6388,BJP,89.3,15.9763,9.3739,BJP,88.41,14.3682,-2.2335,3.75,-0.8900000000000006,6.7492,-1.6081000000000003,0,0,1,2,4,4
AS-AC0370,Assam,Semi-Urban,BJP,80.87,25.311,10.7338,BJP,79.97,23.6922,-2.2483,BJP,86.47,35.3956,16.2547,-0.9000000000000057,6.5,-1.6188000000000002,11.703400000000002,0,0,1,1,0,4
KE-AC0371,Kerala,Urban,BJP,56.1,-7.8752,-18.0875,BJP,61.42,1.7135,13.3176,LDF,61.6,2.0294,0.4387,5.32,0.17999999999999972,9.588700000000001,0.31589999999999985,0,1,0,0,1,4
WE-AC0372,West Bengal,Semi-Urban,CPIM,72.02,28.9704,0.5802,CPIM,75.41,35.0791,8.4843,CPIM,66.42,18.9015,-22.4689,3.3900000000000006,-8.989999999999995,6.108699999999995,-16.177599999999998,0,0,1,1,4,5
AS-AC0373,Assam,Rural,AIUDF,76.38,40.2242,-6.633,AIUDF,75.2,38.1018,-2.9478,AIUDF,80.58,47.7943,13.4618,-1.1799999999999926,5.3799999999999955,-2.122400000000006,9.692500000000003,0,0,1,2,0,3
TA-AC0374,Tamil Nadu,Rural,INC,72.06,-3.8747,-11.8967,INC,69.57,-8.37,-6.2435,BJP,68.83,-9.6986,-1.8453,-2.490000000000009,-0.7399999999999949,-4.495299999999999,-1.3286000000000016,0,1,0,2,3,7
TA-AC0375,Tamil Nadu,Rural,BJP,81.69,9.4259,6.5116,BJP,82.95,11.6992,3.1574,BJP,84.17,13.8997,3.0563,1.2600000000000051,1.2199999999999989,2.273299999999999,2.2005,0,0,1,2,3,4
AS-AC0376,Assam,Urban,AGP,60.98,17.5502,18.1964,AGP,65.8,26.2374,12.0655,AGP,76.8,46.0382,27.5011,4.82,11.0,8.6872,19.800800000000002,0,0,1,0,0,0
TA-AC0377,Tamil Nadu,Rural,AIADMK,82.02,15.8105,15.0642,AIADMK,77.09,6.9439,-12.3147,AIADMK,82.32,16.3578,13.0748,-4.929999999999993,5.22999999999999,-8.866599999999998,9.413900000000002,0,0,1,2,3,1
WE-AC0378,West Bengal,Urban,BJP,63.65,21.5675,19.8981,BJP,65.77,25.3826,5.2988,BJP,67.42,28.3507,4.1223,2.1199999999999974,1.6500000000000057,3.815100000000001,2.9680999999999997,0,0,1,0,4,4
TA-AC0379,Tamil Nadu,Rural,BJP,85.58,-2.08,-6.5558,BJP,91.06,7.7796,13.6939,AIADMK,84.02,-4.8966,-17.6058,5.480000000000004,-7.040000000000006,9.8596,-12.676200000000001,0,1,0,2,3,4
AS-AC0380,Assam,Rural,AIUDF,88.33,17.2792,16.0907,AIUDF,84.17,9.7891,-10.4029,AIUDF,85.13,11.5202,2.4042,-4.159999999999997,0.9599999999999937,-7.4901,1.7311000000000014,0,0,1,2,0,3
TA-AC0381,Tamil Nadu,Semi-Urban,DMK,71.09,-3.5639,-21.6638,DMK,79.84,12.1901,21.8806,DMK,81.97,16.0204,5.3199,8.75,2.1299999999999955,15.754,3.8302999999999994,0,0,1,1,3,6
PU-AC0382,Puducherry,Semi-Urban,DMK,62.0,-0.5939,-2.9385,DMK,66.16,6.8897,10.394,DMK,68.14,10.4657,4.9666,4.159999999999997,1.980000000000004,7.4836,3.5759999999999996,0,0,1,1,2,6
AS-AC0383,Assam,Rural,INC,86.96,11.8665,8.1634,INC,85.32,8.9099,-4.1063,INC,83.29,5.2567,-5.0738,-1.6400000000000006,-2.029999999999987,-2.9566,-3.6532,0,0,1,2,0,7
PU-AC0384,Puducherry,Semi-Urban,AINRC,67.49,-7.1456,-15.648,DMK,67.87,-6.4591,0.9534,BJP,66.82,-8.3559,-2.6345,0.38000000000000966,-1.0500000000000114,0.6864999999999997,-1.8967999999999998,1,1,0,1,2,6
PU-AC0385,Puducherry,Rural,AINRC,77.75,12.7978,2.7522,AINRC,80.73,18.1537,7.4388,AINRC,83.09,22.4013,5.8995,2.980000000000004,2.3599999999999994,5.3559,4.2475999999999985,0,0,1,2,2,2
KE-AC0386,Kerala,Semi-Urban,BJP,74.56,39.1589,-8.1126,BJP,76.04,41.8128,3.686,BJP,77.3,44.086,3.1573,1.480000000000004,1.259999999999991,2.6539,2.2731999999999957,0,0,1,1,1,4
PU-AC0387,Puducherry,Rural,BJP,82.92,10.054,10.9938,DMK,78.79,2.6255,-10.3173,DMK,83.24,10.6417,11.1336,-4.1299999999999955,4.449999999999989,-7.4285,8.0162,1,0,1,2,2,6
TA-AC0388,Tamil Nadu,Rural,BJP,86.16,40.7841,3.3057,BJP,92.69,52.5485,16.3395,BJP,95.0,56.7031,5.7703,6.530000000000001,2.3100000000000023,11.764399999999995,4.154600000000002,0,0,1,2,3,4
KE-AC0389,Kerala,Rural,UDF,82.04,33.102,15.3237,UDF,84.04,36.701,4.9986,UDF,78.44,26.626,-13.9931,2.0,-5.6000000000000085,3.5990000000000038,-10.075,0,0,1,2,1,10
TA-AC0390,Tamil Nadu,Rural,DMK,73.21,12.0614,1.4117,DMK,77.68,20.1143,11.1846,DMK,79.88,24.0694,5.4932,4.470000000000013,2.1999999999999886,8.0529,3.9551000000000016,0,0,1,2,3,6
KE-AC0391,Kerala,Semi-Urban,BJP,74.05,9.0704,10.5874,BJP,74.86,10.5252,2.0205,BJP,77.46,15.2224,6.5239,0.8100000000000023,2.5999999999999943,1.4548000000000005,4.6972000000000005,0,0,1,1,1,4
WE-AC0392,West Bengal,Rural,BJP,74.35,-0.9129,-4.8531,BJP,79.27,7.9494,12.3087,BJP,86.01,20.0815,16.8501,4.920000000000002,6.740000000000009,8.8623,12.132099999999998,0,0,1,2,4,4
TA-AC0393,Tamil Nadu,Rural,AIADMK,79.69,18.0338,3.4234,AIADMK,85.91,29.2238,15.5416,AIADMK,89.33,35.3724,8.5398,6.219999999999999,3.4200000000000017,11.190000000000001,6.148599999999998,0,0,1,2,3,1
AS-AC0394,Assam,Semi-Urban,INC,79.35,29.8464,30.6195,INC,74.93,21.9035,-11.0318,INC,73.68,19.6532,-3.1254,-4.4199999999999875,-1.25,-7.942899999999998,-2.250300000000003,0,0,1,1,0,7
TA-AC0395,Tamil Nadu,Semi-Urban,INC,87.07,12.5838,15.7302,INC,85.21,9.23,-4.6581,INC,84.6,8.144,-1.5084,-1.8599999999999994,-0.6099999999999994,-3.3537999999999997,-1.0860000000000003,0,0,1,1,3,7
TA-AC0396,Tamil Nadu,Urban,BJP,67.7,4.7794,2.6127,BJP,69.03,7.1694,3.3194,BJP,72.23,12.9235,7.9918,1.3299999999999983,3.200000000000003,2.3900000000000006,5.7541,0,0,1,0,3,4
KE-AC0397,Kerala,Rural,INC,81.95,25.4622,-6.3158,INC,82.96,27.285,2.5317,INC,86.24,33.1915,8.2034,1.009999999999991,3.280000000000001,1.8228000000000009,5.906499999999998,0,0,1,2,1,7
PU-AC0398,Puducherry,Urban,AINRC,58.63,0.1749,-1.9647,AINRC,57.81,-1.3073,-2.0586,DMK,54.82,-6.6827,-7.4658,-0.8200000000000003,-2.990000000000002,-1.4822,-5.3754,0,1,0,0,2,2
AS-AC0399,Assam,Urban,INC,58.01,-9.3026,-25.3739,AGP,56.36,-12.2646,-4.1139,AGP,54.43,-15.7498,-4.8405,-1.6499999999999986,-1.9299999999999997,-2.9619999999999997,-3.4852000000000007,1,0,0,0,0,0
TA-AC0400,Tamil Nadu,Urban,INC,64.29,-3.8414,-11.3857,BJP,62.77,-6.5731,-3.794,INC,64.1,-4.1822,3.3207,-1.5200000000000031,1.3299999999999912,-2.7317,2.3909000000000002,1,1,0,0,3,4
TA-AC0401,Tamil Nadu,Semi-Urban,INC,82.26,23.9374,15.0057,INC,81.95,23.3895,-0.761,INC,77.08,14.6242,-12.174,-0.3100000000000023,-4.8700000000000045,-0.5478999999999985,-8.765300000000002,0,0,1,1,3,7
KE-AC0402,Kerala,Urban,UDF,62.18,4.3021,-1.0104,UDF,63.43,6.5561,3.1305,UDF,63.28,6.2849,-0.3766,1.25,-0.14999999999999858,2.2539999999999996,-0.27119999999999944,0,0,1,0,1,10
PU-AC0403,Puducherry,Rural,DMK,87.41,10.6935,-3.2124,DMK,94.74,23.8879,18.3256,DMK,95.0,24.3568,0.6512,7.329999999999998,0.2600000000000051,13.194399999999998,0.4689000000000014,0,0,1,2,2,6
TA-AC0404,Tamil Nadu,Rural,INC,86.67,7.3624,1.3682,DMK,81.93,-1.165,-11.8436,BJP,79.93,-4.7606,-4.9938,-4.739999999999995,-2.0,-8.5274,-3.5956,1,1,0,2,3,6
AS-AC0405,Assam,Rural,AGP,82.02,11.6407,10.3583,AGP,80.93,9.6742,-2.7312,AGP,85.15,17.2661,10.5443,-1.0899999999999892,4.219999999999999,-1.9665,7.591900000000001,0,0,1,2,0,0
KE-AC0406,Kerala,Rural,UDF,77.58,4.222,-2.9984,UDF,85.2,17.9318,19.0414,UDF,91.7,29.6387,16.2596,7.6200000000000045,6.5,13.709799999999998,11.706900000000001,0,0,1,2,1,10
AS-AC0407,Assam,Semi-Urban,BJP,73.16,17.6597,1.7053,BJP,70.48,12.8376,-6.6973,BJP,68.88,9.9499,-4.0107,-2.6799999999999926,-1.6000000000000085,-4.822100000000001,-2.8877000000000006,0,0,1,1,0,4
KE-AC0408,Kerala,Urban,INC,62.49,25.9341,-4.3039,INC,64.01,28.6728,3.8038,INC,63.25,27.2987,-1.9084,1.5200000000000031,-0.7600000000000051,2.738699999999998,-1.3740999999999985,0,0,1,0,1,7
WE-AC0409,West Bengal,Rural,CPIM,81.43,9.6159,7.3892,CPIM,83.51,13.3571,5.1961,CPIM,90.02,25.0812,16.2835,2.0799999999999983,6.509999999999991,3.741200000000001,11.724099999999998,0,0,1,2,4,5
WE-AC0410,West Bengal,Urban,INC,56.0,0.1314,-16.6844,INC,66.12,18.3443,25.2956,INC,68.62,22.8401,6.2442,10.120000000000005,2.5,18.2129,4.495799999999999,0,0,1,0,4,7
TA-AC0411,Tamil Nadu,Rural,DMK,89.53,9.4213,6.8889,DMK,88.96,8.4003,-1.418,INC,84.22,-0.1237,-11.8389,-0.5700000000000074,-4.739999999999995,-1.0210000000000008,-8.524,0,1,0,2,3,6
TA-AC0412,Tamil Nadu,Urban,DMK,66.23,2.3592,1.8161,DMK,67.95,5.4525,4.2962,DMK,73.41,15.2816,13.6515,1.7199999999999989,5.459999999999994,3.0932999999999997,9.8291,0,0,1,0,3,6
PU-AC0413,Puducherry,Urban,INC,46.26,11.4633,-4.9973,INC,44.16,7.6743,-5.2625,INC,49.71,17.6703,13.8834,-2.1000000000000014,5.550000000000004,-3.7890000000000006,9.996000000000002,0,0,1,0,2,7
KE-AC0414,Kerala,Urban,UDF,54.56,12.3256,-11.1,UDF,64.2,29.678,24.1005,UDF,65.09,31.2727,2.2149,9.64,0.8900000000000006,17.352400000000003,1.5946999999999996,0,0,1,0,1,10
AS-AC0415,Assam,Rural,INC,76.48,13.6201,17.247,INC,75.33,11.5505,-2.8745,INC,76.48,13.6193,2.8733,-1.1500000000000057,1.1500000000000057,-2.069600000000001,2.0688000000000013,0,0,1,2,0,7
WE-AC0416,West Bengal,Rural,BJP,86.89,7.1641,-1.923,BJP,87.79,8.783,2.2485,BJP,89.73,12.2783,4.8546,0.9000000000000057,1.9399999999999977,1.6188999999999991,3.4953000000000003,0,0,1,2,4,4
KE-AC0417,Kerala,Rural,INC,79.84,4.4607,-4.4624,INC,82.86,9.8901,7.5408,UDF,78.38,1.8385,-11.1827,3.019999999999996,-4.480000000000004,5.4294,-8.0516,0,1,0,2,1,7
TA-AC0418,Tamil Nadu,Rural,INC,84.1,16.6035,15.6462,INC,83.11,14.8269,-2.4675,INC,81.24,11.4532,-4.6857,-0.9899999999999949,-1.8700000000000045,-1.7766000000000002,-3.3736999999999995,0,0,1,2,3,7
WE-AC0419,West Bengal,Rural,BJP,92.85,16.0642,17.0283,BJP,88.47,8.1771,-10.9543,BJP,90.66,12.1088,5.4607,-4.3799999999999955,2.1899999999999977,-7.8871,3.931700000000001,0,0,1,2,4,4
PU-AC0420,Puducherry,Semi-Urban,AINRC,71.37,44.8071,9.553,AINRC,74.88,51.1146,8.7605,AINRC,80.77,61.7178,14.7267,3.509999999999991,5.890000000000001,6.3075000000000045,10.603199999999994,0,0,1,1,2,2
AS-AC0421,Assam,Rural,AIUDF,76.26,9.6384,-7.9935,AGP,72.98,3.7331,-8.2018,AGP,67.97,-5.2768,-12.5138,-3.280000000000001,-5.010000000000005,-5.9053,-9.0099,1,0,0,2,0,0
TA-AC0422,Tamil Nadu,Semi-Urban,AIADMK,69.03,-4.9975,-11.4769,AIADMK,69.37,-4.384,0.8521,DMK,57.41,-25.9202,-29.9114,0.3400000000000034,-11.960000000000008,0.6134999999999993,-21.5362,0,1,0,1,3,1
TA-AC0423,Tamil Nadu,Rural,DMK,73.78,19.6848,-5.5966,DMK,71.19,15.0116,-6.4905,DMK,69.8,12.5157,-3.4665,-2.5900000000000034,-1.3900000000000006,-4.6732,-2.495899999999999,0,0,1,2,3,6
KE-AC0424,Kerala,Urban,BJP,64.24,31.6544,17.4736,BJP,67.97,38.3662,9.3219,BJP,67.03,36.663,-2.3656,3.730000000000004,-0.9399999999999977,6.7118,-1.7032000000000025,0,0,1,0,1,4
AS-AC0425,Assam,Rural,BJP,78.17,11.0023,9.2397,BJP,76.16,7.3859,-5.0228,AGP,74.19,3.8381,-4.9276,-2.010000000000005,-1.9699999999999989,-3.6163999999999996,-3.5478000000000005,0,1,0,2,0,4
WE-AC0426,West Bengal,Semi-Urban,BJP,66.51,15.5737,-13.0224,BJP,67.9,18.0814,3.4829,BJP,64.97,12.8076,-7.3247,1.3900000000000006,-2.930000000000007,2.507699999999998,-5.273799999999998,0,0,1,1,4,4
AS-AC0427,Assam,Rural,AGP,93.05,14.4901,18.2217,AIUDF,86.64,2.9508,-16.0268,AIUDF,81.78,-5.8015,-12.156,-6.409999999999997,-4.859999999999999,-11.5393,-8.7523,1,0,0,2,0,3
AS-AC0428,Assam,Rural,AGP,90.36,25.4524,2.1978,AGP,95.0,33.8022,11.597,AGP,86.8,19.0485,-20.4912,4.640000000000001,-8.200000000000003,8.349799999999998,-14.753699999999998,0,0,1,2,0,0
KE-AC0429,Kerala,Semi-Urban,LDF,69.24,25.96,-9.1205,LDF,65.13,18.5577,-10.281,LDF,64.74,17.8584,-0.9712,-4.109999999999999,-0.39000000000000057,-7.4023,-0.6993000000000009,0,0,1,1,1,8
PU-AC0430,Puducherry,Urban,BJP,71.99,11.4145,6.0212,BJP,72.28,11.9332,0.7204,BJP,71.43,10.4053,-2.1221,0.29000000000000625,-0.8499999999999943,0.518699999999999,-1.527899999999999,0,0,1,0,2,4
TA-AC0431,Tamil Nadu,Rural,BJP,88.33,25.074,15.905,BJP,86.49,21.7643,-4.5968,BJP,80.38,10.779,-15.2574,-1.8400000000000034,-6.109999999999999,-3.309700000000003,-10.985299999999999,0,0,1,2,3,4
TA-AC0432,Tamil Nadu,Rural,DMK,77.26,4.8472,-1.4606,DMK,77.78,5.7796,1.295,BJP,76.57,3.6078,-3.0163,0.519999999999996,-1.210000000000008,0.9324000000000003,-2.1718,0,1,0,2,3,6
WE-AC0433,West Bengal,Urban,TMC,56.79,13.5971,10.2865,TMC,58.51,16.69,4.2956,TMC,60.24,19.8104,4.3339,1.7199999999999989,1.730000000000004,3.092900000000002,3.1204,0,0,1,0,4,9
WE-AC0434,West Bengal,Rural,INC,61.07,-15.5544,-28.3216,BJP,59.27,-18.8027,-4.5116,TMC,61.48,-14.8302,5.5174,-1.7999999999999972,2.2099999999999937,-3.248300000000002,3.972500000000002,1,1,0,2,4,4
KE-AC0435,Kerala,Rural,LDF,73.01,3.6147,-6.5963,UDF,72.44,2.5922,-1.4201,INC,69.41,-2.8715,-7.5885,-0.5700000000000074,-3.030000000000001,-1.0225,-5.4637,1,1,0,2,1,10
KE-AC0436,Kerala,Rural,BJP,82.08,8.5432,4.4687,BJP,80.71,6.0768,-3.4255,BJP,81.39,7.3041,1.7046,-1.3700000000000045,0.6800000000000068,-2.4664,1.2272999999999996,0,0,1,2,1,4
KE-AC0437,Kerala,Rural,UDF,79.66,8.8548,-1.798,INC,74.77,0.0421,-12.2398,INC,77.47,4.9071,6.757,-4.890000000000001,2.700000000000003,-8.8127,4.865,1,0,0,2,1,7
PU-AC0438,Puducherry,Rural,DMK,86.55,1.0384,-3.5674,DMK,95.0,16.2425,21.1168,DMK,95.0,16.2425,0.0,8.450000000000003,0.0,15.2041,0.0,0,0,1,2,2,6
AS-AC0439,Assam,Rural,AGP,75.66,-2.0697,-5.3816,AGP,83.06,11.2587,18.5117,AGP,83.7,12.418,1.6102,7.400000000000006,0.6400000000000006,13.328399999999998,1.1593,0,0,1,2,0,0
KE-AC0440,Kerala,Urban,LDF,64.48,1.243,-4.9671,INC,64.28,0.881,-0.5028,BJP,61.73,-3.7207,-6.3912,-0.20000000000000284,-2.5500000000000043,-0.3620000000000001,-4.6017,1,1,0,0,1,7
TA-AC0441,Tamil Nadu,Rural,AIADMK,65.71,-14.1693,-21.1584,DMK,66.91,-11.9927,3.0231,AIADMK,69.93,-6.5723,7.5283,1.2000000000000028,3.0200000000000102,2.1766000000000005,5.420399999999999,1,1,0,2,3,6
AS-AC0442,Assam,Rural,BJP,80.31,9.0059,3.1,BJP,80.08,8.5985,-0.5659,BJP,84.96,17.3751,12.1897,-0.23000000000000398,4.8799999999999955,-0.4074000000000009,8.7766,0,0,1,2,0,4
TA-AC0443,Tamil Nadu,Rural,INC,78.53,3.7784,-0.8561,INC,84.56,14.6334,15.0763,INC,81.79,9.6499,-6.9215,6.030000000000001,-2.769999999999996,10.855,-4.983499999999999,0,0,1,2,3,7
KE-AC0444,Kerala,Semi-Urban,LDF,76.84,6.2036,-4.7435,LDF,77.13,6.7323,0.7343,UDF,75.78,4.3104,-3.3638,0.28999999999999204,-1.3499999999999943,0.5287000000000006,-2.421900000000001,0,1,0,1,1,8
WE-AC0445,West Bengal,Rural,BJP,82.81,19.8133,9.4917,BJP,86.22,25.9502,8.5235,BJP,86.2,25.9045,-0.0635,3.4099999999999966,-0.01999999999999602,6.136899999999997,-0.045700000000000074,0,0,1,2,4,4
PU-AC0446,Puducherry,Rural,INC,85.87,2.3855,-2.7018,INC,89.64,9.174,9.4285,INC,94.08,17.1685,11.1035,3.769999999999996,4.439999999999998,6.788499999999999,7.994500000000002,0,0,1,2,2,7
WE-AC0447,West Bengal,Rural,CPIM,75.71,19.7038,3.4436,CPIM,74.22,17.0134,-3.7366,CPIM,72.19,13.361,-5.0727,-1.4899999999999949,-2.030000000000001,-2.6904000000000003,-3.6524,0,0,1,2,4,5
WE-AC0448,West Bengal,Rural,CPIM,75.73,10.5827,13.183,CPIM,76.02,11.106,0.7268,CPIM,74.37,8.1432,-4.1149,0.28999999999999204,-1.6499999999999915,0.523299999999999,-2.9627999999999997,0,0,1,2,4,5
KE-AC0449,Kerala,Rural,BJP,78.47,3.6579,-5.0385,BJP,79.85,6.1375,3.4438,BJP,79.55,5.602,-0.7437,1.3799999999999955,-0.29999999999999716,2.4796,-0.5354999999999999,0,0,1,2,1,4
KE-AC0450,Kerala,Rural,UDF,78.73,4.5361,3.8243,BJP,73.13,-5.5505,-14.0092,LDF,73.37,-5.1153,0.6044,-5.6000000000000085,0.2400000000000091,-10.0866,0.43520000000000003,1,1,0,2,1,4
PU-AC0451,Puducherry,Rural,BJP,77.28,2.1516,-2.1643,AINRC,77.85,3.1725,1.4179,AINRC,75.83,-0.4557,-5.0392,0.5699999999999932,-2.019999999999996,1.0208999999999997,-3.6281999999999996,1,0,0,2,2,2
PU-AC0452,Puducherry,Semi-Urban,INC,79.69,14.0331,9.1608,INC,87.44,27.9828,19.3745,INC,86.81,26.8593,-1.5604,7.75,-0.6299999999999955,13.949700000000002,-1.1235,0,0,1,1,2,7
TA-AC0453,Tamil Nadu,Urban,AIADMK,63.59,2.5215,-2.6147,AIADMK,70.33,14.6583,16.8567,AIADMK,71.7,17.1185,3.417,6.739999999999995,1.3700000000000045,12.136800000000001,2.4602000000000004,0,0,1,0,3,1
TA-AC0454,Tamil Nadu,Urban,DMK,59.85,6.2118,-4.1597,INC,56.07,-0.5976,-9.4575,AIADMK,58.5,3.7818,6.0825,-3.780000000000001,2.4299999999999997,-6.8094,4.3794,1,1,0,0,3,7
AS-AC0455,Assam,Semi-Urban,AGP,63.98,4.5098,-7.5244,BJP,58.11,-6.0511,-14.6679,AGP,56.11,-9.6612,-5.014,-5.869999999999997,-2.0,-10.5609,-3.610099999999999,1,1,0,1,0,4
AS-AC0456,Assam,Urban,INC,61.15,-1.4067,-3.7378,BJP,57.81,-7.4208,-8.3529,INC,58.09,-6.915,0.7025,-3.3399999999999963,0.28000000000000114,-6.0141,0.5057999999999998,1,1,0,0,0,4
WE-AC0457,West Bengal,Urban,TMC,69.49,11.7647,11.1543,TMC,73.7,19.3448,10.5279,TMC,74.59,20.9558,2.2375,4.210000000000008,0.8900000000000006,7.5801,1.6110000000000007,0,0,1,0,4,9
TA-AC0458,Tamil Nadu,Rural,DMK,86.76,2.4174,-9.5342,BJP,86.79,2.4825,0.0904,BJP,95.0,17.253,20.5146,0.030000000000001137,8.209999999999994,0.06509999999999971,14.7705,1,0,1,2,3,4
KE-AC0459,Kerala,Urban,INC,74.5,23.9127,24.2928,INC,73.71,22.5015,-1.9601,INC,67.06,10.5306,-16.6263,-0.7900000000000063,-6.6499999999999915,-1.411200000000001,-11.9709,0,0,1,0,1,7
WE-AC0460,West Bengal,Rural,INC,85.86,6.0961,6.3785,INC,86.99,8.1379,2.8359,INC,95.0,22.5474,20.0133,1.1299999999999955,8.010000000000005,2.0418000000000003,14.4095,0,0,1,2,4,7
TA-AC0461,Tamil Nadu,Rural,INC,81.31,14.8356,8.9472,INC,84.92,21.3273,9.0162,INC,91.67,33.4841,16.8844,3.6099999999999994,6.75,6.491700000000002,12.156799999999997,0,0,1,2,3,7
TA-AC0462,Tamil Nadu,Rural,INC,69.62,6.6544,-5.2445,DMK,66.68,1.3602,-7.353,DMK,69.56,6.5549,7.2148,-2.9399999999999977,2.8799999999999955,-5.2942,5.1947,1,0,1,2,3,6
PU-AC0463,Puducherry,Rural,AINRC,76.8,7.5548,7.6581,DMK,72.14,-0.8318,-11.6481,DMK,74.58,3.5537,6.091,-4.659999999999997,2.4399999999999977,-8.3866,4.3855,1,0,0,2,2,6
WE-AC0464,West Bengal,Semi-Urban,CPIM,68.9,-7.6632,-12.3459,TMC,64.9,-14.8625,-9.999,BJP,63.95,-16.5703,-2.3719,-4.0,-0.9500000000000028,-7.199300000000001,-1.7077999999999989,1,1,0,1,4,9
AS-AC0465,Assam,Rural,BJP,87.87,16.9959,11.0664,BJP,87.64,16.5707,-0.5905,BJP,94.79,29.4538,17.8931,-0.23000000000000398,7.150000000000006,-0.42520000000000024,12.883100000000002,0,0,1,2,0,4
TA-AC0466,Tamil Nadu,Urban,AIADMK,66.68,8.3283,9.3792,AIADMK,66.73,8.4183,0.125,AIADMK,78.2,29.0708,28.684,0.04999999999999716,11.469999999999999,0.08999999999999986,20.652499999999996,0,0,1,0,3,1
PU-AC0467,Puducherry,Rural,BJP,82.18,9.3098,-2.3951,AINRC,77.91,1.6228,-10.6763,AINRC,76.8,-0.3901,-2.7957,-4.27000000000001,-1.1099999999999994,-7.686999999999999,-2.0129,1,0,0,2,2,2
PU-AC0468,Puducherry,Semi-Urban,BJP,79.43,11.4243,10.5812,BJP,80.9,14.0712,3.6762,BJP,81.49,15.1374,1.4809,1.4699999999999989,0.5899999999999892,2.6468999999999987,1.0662000000000003,0,0,1,1,2,4
PU-AC0469,Puducherry,Urban,BJP,60.71,-7.0603,-11.3769,BJP,65.56,1.6705,12.1261,BJP,72.5,14.1613,17.3483,4.850000000000001,6.939999999999998,8.7308,12.4908,0,0,1,0,2,4
WE-AC0470,West Bengal,Rural,CPIM,72.98,10.2165,7.0872,CPIM,69.94,4.7431,-7.6019,CPIM,71.09,6.8105,2.8713,-3.0400000000000063,1.1500000000000057,-5.4734,2.0674,0,0,1,2,4,5
KE-AC0471,Kerala,Rural,LDF,75.3,-8.8354,-19.0445,LDF,80.63,0.7564,13.3219,INC,81.54,2.3879,2.2659,5.329999999999998,0.9100000000000108,9.5918,1.6315000000000002,0,1,0,2,1,8
KE-AC0472,Kerala,Urban,INC,58.11,2.6148,-6.1907,BJP,57.98,2.3879,-0.3151,INC,59.08,4.366,2.7474,-0.13000000000000256,1.1000000000000014,-0.22689999999999966,1.9780999999999995,1,1,0,0,1,4
KE-AC0473,Kerala,Semi-Urban,INC,61.66,2.4282,-10.7531,INC,68.37,14.4982,16.7639,INC,64.59,7.6906,-9.4551,6.710000000000008,-3.780000000000001,12.07,-6.807600000000001,0,0,1,1,1,7
KE-AC0474,Kerala,Rural,BJP,89.04,12.0604,12.0648,BJP,89.8,13.4253,1.8956,BJP,85.83,6.2774,-9.9277,0.7599999999999909,-3.969999999999999,1.3649000000000004,-7.1479,0,0,1,2,1,4
AS-AC0475,Assam,Rural,BJP,87.78,14.3153,10.9671,BJP,84.77,8.885,-7.5421,BJP,88.96,16.4321,10.4821,-3.010000000000005,4.189999999999998,-5.430300000000001,7.547099999999999,0,0,1,2,0,4
KE-AC0476,Kerala,Urban,INC,57.8,-5.3529,-9.823,BJP,62.29,2.7245,11.2186,BJP,71.57,19.4288,23.2004,4.490000000000002,9.279999999999994,8.0774,16.7043,1,0,1,0,1,4
KE-AC0477,Kerala,Rural,BJP,73.29,3.1972,2.5798,BJP,77.7,11.1451,11.0388,BJP,79.6,14.5663,4.7517,4.409999999999997,1.8999999999999915,7.947899999999999,3.4212000000000007,0,0,1,2,1,4
AS-AC0478,Assam,Rural,AGP,85.14,13.2008,2.3883,AGP,86.52,15.6853,3.4508,AGP,91.66,24.9481,12.865,1.3799999999999955,5.140000000000001,2.4845000000000006,9.2628,0,0,1,2,0,0
KE-AC0479,Kerala,Semi-Urban,INC,73.15,19.9154,11.6246,INC,73.34,20.2531,0.469,INC,76.13,25.2714,6.9699,0.18999999999999773,2.789999999999992,0.3376999999999981,5.0183,0,0,1,1,1,7
WE-AC0480,West Bengal,Semi-Urban,INC,72.91,28.6196,8.7108,INC,73.29,29.3112,0.9606,INC,74.69,31.8297,3.498,0.38000000000000966,1.3999999999999915,0.6916000000000011,2.5184999999999995,0,0,1,1,4,7
TA-AC0481,Tamil Nadu,Rural,DMK,77.17,-5.5351,-9.7881,INC,76.82,-6.169,-0.8804,AIADMK,78.18,-3.7336,3.3825,-0.3500000000000085,1.3600000000000136,-0.6338999999999997,2.4353999999999996,1,1,0,2,3,7
KE-AC0482,Kerala,Rural,UDF,67.48,-2.5257,-16.8734,INC,60.31,-15.4417,-17.9389,UDF,54.89,-25.2009,-13.5545,-7.170000000000002,-5.420000000000002,-12.916,-9.7592,1,1,0,2,1,7
WE-AC0483,West Bengal,Semi-Urban,TMC,74.53,9.3102,1.3107,TMC,74.22,8.7526,-0.7744,BJP,69.44,0.1465,-11.9529,-0.3100000000000023,-4.780000000000001,-0.5576000000000008,-8.6061,0,1,0,1,4,9
KE-AC0484,Kerala,Rural,INC,74.74,-4.0707,-9.6454,LDF,76.77,-0.4277,5.0597,BJP,73.85,-5.6713,-7.2827,2.030000000000001,-2.9200000000000017,3.6430000000000002,-5.2436,1,1,0,2,1,8
TA-AC0485,Tamil Nadu,Semi-Urban,BJP,66.45,8.2827,9.197,BJP,67.19,9.6137,1.8487,BJP,72.75,19.627,13.9073,0.7399999999999949,5.560000000000002,1.3309999999999995,10.0133,0,0,1,1,3,4
WE-AC0486,West Bengal,Rural,TMC,74.39,5.0742,-4.403,INC,73.5,3.478,-2.2169,CPIM,68.9,-4.7975,-11.4937,-0.8900000000000006,-4.599999999999994,-1.5962,-8.275500000000001,1,1,0,2,4,7
TA-AC0487,Tamil Nadu,Rural,INC,72.88,20.8812,0.1193,INC,76.99,28.282,10.2788,INC,74.38,23.5839,-6.5251,4.109999999999999,-2.6099999999999994,7.4008,-4.6981,0,0,1,2,3,7
TA-AC0488,Tamil Nadu,Rural,AIADMK,78.91,1.072,-10.1741,BJP,74.98,-6.0065,-9.8312,DMK,68.5,-17.6619,-16.1881,-3.9299999999999926,-6.480000000000004,-7.0785,-11.6554,1,1,0,2,3,4
TA-AC0489,Tamil Nadu,Rural,BJP,82.82,28.4547,4.7266,BJP,88.34,38.3847,13.7916,BJP,88.01,37.7844,-0.8338,5.52000000000001,-0.3299999999999983,9.930000000000003,-0.6003000000000043,0,0,1,2,3,4
WE-AC0490,West Bengal,Semi-Urban,BJP,65.82,8.2563,8.7025,BJP,64.64,6.1186,-2.969,BJP,64.91,6.6144,0.6886,-1.1799999999999926,0.269999999999996,-2.1376999999999997,0.4958,0,0,1,1,4,4
KE-AC0491,Kerala,Urban,LDF,69.05,0.8997,-2.6105,UDF,67.99,-1.0057,-2.6464,LDF,62.54,-10.8199,-13.6308,-1.0600000000000023,-5.449999999999996,-1.9054000000000002,-9.8142,1,1,0,0,1,10
TA-AC0492,Tamil Nadu,Semi-Urban,AIADMK,80.5,30.4809,5.7369,AIADMK,74.41,19.5254,-15.216,AIADMK,81.4,32.1019,17.4674,-6.090000000000003,6.990000000000009,-10.955499999999997,12.5765,0,0,1,1,3,1
AS-AC0493,Assam,Rural,INC,78.59,1.2546,-3.3485,AIUDF,80.58,4.848,4.9909,AIUDF,82.84,8.9049,5.6346,1.9899999999999949,2.260000000000005,3.5934,4.0569,1,0,1,2,0,3
TA-AC0494,Tamil Nadu,Urban,INC,55.08,3.3981,-2.1017,BJP,53.01,-0.3256,-5.1718,AIADMK,50.82,-4.2724,-5.4817,-2.0700000000000003,-2.1899999999999977,-3.7237,-3.9468,1,1,0,0,3,4
PU-AC0495,Puducherry,Semi-Urban,DMK,72.58,5.1991,5.7503,INC,72.12,4.3611,-1.1639,BJP,66.55,-5.6641,-13.9239,-0.45999999999999375,-5.570000000000007,-0.8379999999999992,-10.025200000000002,1,1,0,1,2,7
PU-AC0496,Puducherry,Semi-Urban,INC,65.57,13.8979,-7.9819,INC,68.0,18.2781,6.0837,INC,70.1,22.0532,5.2433,2.430000000000007,2.0999999999999943,4.3801999999999985,3.775100000000002,0,0,1,1,2,7
PU-AC0497,Puducherry,Rural,INC,77.63,10.6274,-17.3338,INC,69.37,-4.2398,-20.6489,BJP,61.57,-18.2743,-19.4923,-8.259999999999991,-7.800000000000004,-14.8672,-14.034500000000001,0,1,0,2,2,7
TA-AC0498,Tamil Nadu,Rural,DMK,77.38,15.0335,4.9926,DMK,78.02,16.1774,1.5888,DMK,76.55,13.5331,-3.6727,0.6400000000000006,-1.4699999999999989,1.1438999999999986,-2.6442999999999994,0,0,1,2,3,6
TA-AC0499,Tamil Nadu,Semi-Urban,BJP,68.68,-2.1537,-5.0137,INC,64.83,-9.0815,-9.6219,BJP,66.84,-5.4639,5.0245,-3.8500000000000085,2.010000000000005,-6.9277999999999995,3.6176000000000004,1,1,0,1,3,7
WE-AC0500,West Bengal,Rural,TMC,82.58,8.6492,5.0742,TMC,78.92,2.0545,-9.1592,TMC,83.46,10.2214,11.3429,-3.6599999999999966,4.539999999999992,-6.5947000000000005,8.166899999999998,0,0,1,2,4,9
WE-AC0501,West Bengal,Urban,CPIM,57.72,7.8804,5.0734,INC,53.98,1.1507,-9.3468,TMC,54.83,2.6732,2.1146,-3.740000000000002,0.8500000000000014,-6.729699999999999,1.5225,1,1,0,0,4,7
TA-AC0502,Tamil Nadu,Rural,DMK,86.65,30.1391,4.2476,DMK,91.43,38.7366,11.941,DMK,86.96,30.7,-11.162,4.780000000000001,-4.470000000000013,8.597500000000004,-8.036600000000004,0,0,1,2,3,6
AS-AC0503,Assam,Rural,AGP,89.81,8.0963,7.449,AGP,89.13,6.8701,-1.703,AGP,89.29,7.1549,0.3956,-0.6800000000000068,0.1600000000000108,-1.2261999999999995,0.2847999999999997,0,0,1,2,0,0
AS-AC0504,Assam,Rural,AIUDF,87.14,3.529,2.8295,AIUDF,88.5,5.975,3.3972,AIUDF,89.62,8.0054,2.82,1.3599999999999994,1.1200000000000045,2.4459999999999997,2.0304,0,0,1,2,0,3
TA-AC0505,Tamil Nadu,Rural,INC,88.03,-1.7662,-4.5197,INC,92.59,6.4327,11.3873,INC,95.0,10.7717,6.0264,4.560000000000002,2.4099999999999966,8.1989,4.3389999999999995,0,0,1,2,3,7
KE-AC0506,Kerala,Rural,LDF,72.4,-3.1163,-11.7388,BJP,71.6,-4.5415,-1.9794,BJP,79.88,10.3474,20.6791,-0.8000000000000114,8.280000000000001,-1.4252000000000002,14.8889,1,0,1,2,1,4
TA-AC0507,Tamil Nadu,Rural,BJP,74.53,-6.0343,-12.3905,BJP,82.91,9.0558,20.9584,BJP,89.29,20.5358,15.9444,8.379999999999995,6.38000000000001,15.0901,11.479999999999999,0,0,1,2,3,4
KE-AC0508,Kerala,Rural,BJP,87.46,18.1506,14.51,BJP,90.98,24.4824,8.7942,BJP,86.67,16.7253,-10.7738,3.5200000000000102,-4.310000000000002,6.331799999999998,-7.757099999999998,0,0,1,2,1,4
PU-AC0509,Puducherry,Rural,INC,88.46,22.9242,24.415,INC,86.86,20.0576,-3.9814,INC,84.42,15.6518,-6.1192,-1.5999999999999943,-2.4399999999999977,-2.8665999999999983,-4.405800000000001,0,0,1,2,2,7
AS-AC0510,Assam,Rural,BJP,70.67,2.3008,-0.3228,BJP,73.23,6.9127,6.4054,BJP,73.72,7.7989,1.2308,2.5600000000000023,0.4899999999999949,4.6119,0.8861999999999997,0,0,1,2,0,4
KE-AC0511,Kerala,Rural,LDF,73.83,11.3492,11.9459,LDF,77.66,18.2496,9.5839,LDF,77.87,18.6216,0.5166,3.8299999999999983,0.21000000000000796,6.900400000000001,0.3719999999999999,0,0,1,2,1,8
WE-AC0512,West Bengal,Semi-Urban,CPIM,77.42,6.823,1.8481,CPIM,82.43,15.8452,12.5309,CPIM,84.0,18.6652,3.9167,5.010000000000005,1.5699999999999932,9.0222,2.8199999999999985,0,0,1,1,4,5
KE-AC0513,Kerala,Urban,LDF,55.34,1.3874,-4.8586,LDF,57.41,5.1128,5.1742,LDF,55.14,1.0268,-5.675,2.069999999999993,-2.269999999999996,3.7254,-4.086,0,0,0,0,1,8
PU-AC0514,Puducherry,Rural,BJP,77.17,5.1047,2.0001,INC,71.22,-5.6172,-14.8915,INC,71.59,-4.9395,0.9412,-5.950000000000003,0.37000000000000455,-10.721900000000002,0.6777000000000006,1,0,0,2,2,7
AS-AC0515,Assam,Rural,INC,87.76,14.0517,6.0412,INC,95.0,27.0866,18.104,INC,89.08,16.4346,-14.7944,7.239999999999995,-5.920000000000002,13.0349,-10.652000000000001,0,0,1,2,0,7
PU-AC0516,Puducherry,Semi-Urban,AINRC,73.79,0.3742,-3.6392,INC,72.69,-1.6176,-2.7664,BJP,74.49,1.6288,4.5089,-1.1000000000000085,1.7999999999999972,-1.9918,3.2464,1,1,0,1,2,7
PU-AC0517,Puducherry,Rural,DMK,80.75,-0.4642,-7.909,BJP,77.63,-6.0791,-7.7985,BJP,81.96,1.7112,10.8198,-3.1200000000000045,4.329999999999998,-5.6149000000000004,7.7903,1,0,0,2,2,4
PU-AC0518,Puducherry,Semi-Urban,BJP,74.22,22.9228,-7.0054,BJP,77.26,28.3957,7.6012,BJP,81.48,35.9875,10.5441,3.0400000000000063,4.219999999999999,5.472900000000003,7.591799999999996,0,0,1,1,2,4
WE-AC0519,West Bengal,Urban,INC,63.57,8.1537,4.8555,INC,69.12,18.1557,13.8916,INC,72.37,23.9955,8.1109,5.550000000000004,3.25,10.001999999999999,5.8398,0,0,1,0,4,7
TA-AC0520,Tamil Nadu,Urban,INC,61.49,4.1484,-14.202,INC,64.78,10.0629,8.2145,INC,64.96,10.3913,0.4562,3.289999999999999,0.1799999999999926,5.914500000000001,0.32839999999999847,0,0,1,0,3,7
WE-AC0521,West Bengal,Rural,TMC,78.88,4.1509,4.0885,TMC,83.84,13.0625,12.3772,TMC,89.35,22.9906,13.789,4.960000000000008,5.509999999999991,8.9116,9.9281,0,0,1,2,4,9
KE-AC0522,Kerala,Urban,BJP,64.6,12.4287,-5.8697,BJP,63.09,9.7118,-3.7734,BJP,65.96,14.8762,7.1728,-1.509999999999991,2.8699999999999903,-2.716899999999999,5.1644000000000005,0,0,1,0,1,4
TA-AC0523,Tamil Nadu,Rural,AIADMK,78.92,-1.7216,-8.2565,INC,79.52,-0.6462,1.4936,BJP,80.98,1.9756,3.6414,0.5999999999999943,1.460000000000008,1.0754000000000001,2.6218,1,1,0,2,3,7
TA-AC0524,Tamil Nadu,Urban,BJP,59.34,8.9264,-1.744,AIADMK,56.01,2.9369,-8.3188,BJP,55.58,2.1504,-1.0923,-3.3300000000000054,-0.4299999999999997,-5.9895,-0.7865000000000002,1,1,0,0,3,1
KE-AC0525,Kerala,Semi-Urban,INC,74.38,8.7685,-4.2627,INC,75.99,11.6623,4.0192,INC,73.1,6.4642,-7.2196,1.6099999999999994,-2.8900000000000006,2.8938000000000006,-5.1981,0,0,1,1,1,7
AS-AC0526,Assam,Rural,AIUDF,77.01,9.9761,10.063,AIUDF,76.77,9.5329,-0.6155,AIUDF,76.6,9.2291,-0.4219,-0.2400000000000091,-0.1700000000000017,-0.4432000000000009,-0.30379999999999896,0,0,1,2,0,3
KE-AC0527,Kerala,Rural,INC,80.66,18.3889,16.9451,INC,73.7,5.8653,-17.3939,INC,76.52,10.9385,7.0461,-6.959999999999994,2.819999999999993,-12.523599999999998,5.073199999999999,0,0,1,2,1,7
PU-AC0528,Puducherry,Semi-Urban,BJP,58.58,-15.0368,-23.975,BJP,60.38,-11.7949,4.5027,DMK,61.26,-10.2159,2.1931,1.8000000000000043,0.8799999999999955,3.2418999999999993,1.5790000000000006,0,1,0,1,2,4
TA-AC0529,Tamil Nadu,Rural,DMK,81.11,4.6371,1.873,DMK,75.57,-5.338,-13.8543,AIADMK,78.74,0.3737,7.9329,-5.540000000000006,3.1700000000000017,-9.975100000000001,5.7117,0,1,0,2,3,6
PU-AC0530,Puducherry,Urban,INC,61.06,2.6332,-2.6417,AINRC,60.82,2.1946,-0.6092,AINRC,61.71,3.7892,2.2148,-0.240000000000002,0.8900000000000006,-0.4386000000000001,1.5946000000000002,1,0,0,0,2,2
PU-AC0531,Puducherry,Urban,AINRC,56.96,-0.9618,-9.8633,INC,56.35,-2.0492,-1.5103,BJP,53.8,-6.6504,-6.3905,-0.6099999999999994,-2.5500000000000043,-1.0874,-4.6012,1,1,0,0,2,7
PU-AC0532,Puducherry,Rural,AINRC,84.81,1.0807,-3.4898,BJP,81.44,-4.9853,-8.425,INC,83.05,-2.0823,4.0319,-3.3700000000000045,1.6099999999999994,-6.066,2.9029999999999996,1,1,0,2,2,4
TA-AC0533,Tamil Nadu,Rural,DMK,82.42,2.8415,-4.6806,DMK,86.88,10.8601,11.1369,AIADMK,79.1,-3.1444,-19.4507,4.459999999999994,-7.780000000000001,8.0186,-14.0045,0,1,0,2,3,6
WE-AC0534,West Bengal,Rural,TMC,71.36,12.3353,1.077,TMC,73.57,16.3053,5.5139,TMC,76.38,21.3647,7.0269,2.2099999999999937,2.8100000000000023,3.969999999999999,5.0594,0,0,1,2,4,9
TA-AC0535,Tamil Nadu,Rural,INC,79.83,-5.5481,-9.9368,DMK,75.57,-13.2151,-10.6486,INC,72.4,-18.9335,-7.9422,-4.260000000000005,-3.1699999999999875,-7.667,-5.718399999999999,1,1,0,2,3,6
TA-AC0536,Tamil Nadu,Urban,AIADMK,66.47,6.7787,-4.4822,DMK,63.7,1.7945,-6.9225,BJP,55.83,-12.3817,-19.6892,-2.769999999999996,-7.8700000000000045,-4.9841999999999995,-14.1762,1,1,0,0,3,6
TA-AC0537,Tamil Nadu,Semi-Urban,AIADMK,73.3,12.0775,-0.2228,AIADMK,74.59,14.3965,3.2208,AIADMK,74.54,14.3166,-0.1109,1.2900000000000063,-0.04999999999999716,2.318999999999999,-0.0799000000000003,0,0,1,1,3,1
TA-AC0538,Tamil Nadu,Rural,INC,79.19,10.6169,-5.6269,INC,73.51,0.3846,-14.2115,INC,71.44,-3.3388,-5.1714,-5.679999999999993,-2.0700000000000074,-10.232299999999999,-3.7234,0,0,0,2,3,7
KE-AC0539,Kerala,Urban,UDF,53.52,-1.9316,-7.8985,UDF,54.46,-0.2368,2.3539,LDF,49.16,-9.7825,-13.2579,0.9399999999999977,-5.300000000000004,1.6947999999999999,-9.5457,0,1,0,0,1,10
KE-AC0540,Kerala,Semi-Urban,BJP,61.28,3.2116,-0.8607,LDF,60.68,2.1293,-1.5032,BJP,59.37,-0.2229,-3.267,-0.6000000000000014,-1.3100000000000023,-1.0822999999999996,-2.3522000000000003,1,1,0,1,1,8
KE-AC0541,Kerala,Rural,LDF,86.12,11.8628,13.0328,LDF,88.46,16.0832,5.8617,LDF,86.81,13.1138,-4.1241,2.339999999999989,-1.6499999999999915,4.2204000000000015,-2.969400000000002,0,0,1,2,1,8
TA-AC0542,Tamil Nadu,Rural,INC,80.03,6.3134,2.1209,AIADMK,76.05,-0.8388,-9.9336,AIADMK,71.99,-8.1531,-10.1588,-3.980000000000004,-4.060000000000002,-7.1522,-7.3143,1,0,0,2,3,1
KE-AC0543,Kerala,Rural,UDF,73.38,-4.5652,-13.6147,BJP,75.29,-1.124,4.7794,BJP,79.37,6.2114,10.1881,1.9100000000000108,4.079999999999998,3.4412,7.3354,1,0,1,2,1,4
PU-AC0544,Puducherry,Rural,INC,79.49,33.7343,6.6439,INC,76.77,28.8433,-6.793,INC,73.48,22.9085,-8.2427,-2.719999999999999,-3.289999999999992,-4.890999999999998,-5.934799999999999,0,0,1,2,2,7
AS-AC0545,Assam,Urban,INC,64.25,0.9546,-1.3415,AIUDF,65.86,3.8596,4.0347,AGP,63.67,-0.0958,-5.4936,1.6099999999999994,-2.1899999999999977,2.905,-3.9554,1,1,0,0,0,3
PU-AC0546,Puducherry,Rural,INC,76.07,5.0827,4.8756,INC,80.8,13.5923,11.8189,INC,82.72,17.0548,4.8091,4.730000000000004,1.9200000000000017,8.509599999999999,3.4625000000000004,0,0,1,2,2,7
PU-AC0547,Puducherry,Rural,AINRC,78.27,23.9779,13.2018,AINRC,79.46,26.1207,2.976,AINRC,75.12,18.3132,-10.8437,1.1899999999999977,-4.339999999999989,2.1427999999999976,-7.807500000000001,0,0,1,2,2,2
AS-AC0548,Assam,Urban,AGP,56.09,3.2388,-7.0979,AGP,60.0,10.2868,9.7889,AIUDF,54.52,0.4102,-13.7174,3.9099999999999966,-5.479999999999997,7.048,-9.8766,0,1,0,0,0,0
KE-AC0549,Kerala,Rural,BJP,73.81,-3.1471,-13.8526,LDF,64.62,-19.6935,-22.9811,BJP,62.54,-23.428,-5.1868,-9.189999999999998,-2.0800000000000054,-16.5464,-3.7345000000000006,1,1,0,2,1,8
AS-AC0550,Assam,Urban,INC,61.04,11.4628,11.4706,INC,61.61,12.491,1.4281,INC,59.3,8.3312,-5.7775,0.5700000000000003,-2.3100000000000023,1.0282,-4.159799999999999,0,0,1,0,0,7
WE-AC0551,West Bengal,Urban,CPIM,56.58,-3.631,-7.8934,TMC,56.55,-3.6817,-0.0704,TMC,55.69,-5.2341,-2.1561,-0.030000000000001137,-0.8599999999999994,-0.05070000000000041,-1.5523999999999996,1,0,0,0,4,9
PU-AC0552,Puducherry,Rural,AINRC,90.75,8.1651,6.2649,AINRC,89.41,5.7436,-3.3632,INC,83.19,-5.444,-15.5383,-1.3400000000000034,-6.219999999999999,-2.421500000000001,-11.1876,0,1,0,2,2,2
WE-AC0553,West Bengal,Urban,CPIM,50.61,14.669,-14.7692,CPIM,47.65,9.3455,-7.3937,CPIM,52.42,17.9272,11.919,-2.960000000000001,4.770000000000003,-5.323500000000001,8.5817,0,0,1,0,4,5
KE-AC0554,Kerala,Urban,LDF,54.0,-12.592,-19.8904,UDF,55.63,-9.6522,4.083,UDF,54.39,-11.8882,-3.1056,1.6300000000000026,-1.240000000000002,2.9398,-2.235999999999999,1,0,0,0,1,10
AS-AC0555,Assam,Rural,AGP,79.68,7.1744,4.6247,AGP,80.1,7.9366,1.0586,AGP,83.4,13.8742,8.2467,0.4199999999999875,3.3000000000000114,0.7622,5.9376,0,0,1,2,0,0
WE-AC0556,West Bengal,Rural,CPIM,86.96,9.0494,6.576,CPIM,88.79,12.3396,4.5697,CPIM,94.04,21.7925,13.129,1.8300000000000125,5.25,3.2902000000000005,9.4529,0,0,1,2,4,5
PU-AC0557,Puducherry,Rural,DMK,77.99,7.7059,-0.4161,DMK,77.35,6.563,-1.5874,BJP,74.88,2.1196,-6.1714,-0.6400000000000006,-2.469999999999999,-1.1429,-4.4434,0,1,0,2,2,6
AS-AC0558,Assam,Urban,BJP,69.97,23.7188,16.2123,BJP,67.35,19.0071,-6.544,BJP,63.63,12.3063,-9.3066,-2.6200000000000045,-3.7199999999999918,-4.7117,-6.700800000000001,0,0,1,0,0,4
AS-AC0559,Assam,Urban,BJP,63.76,10.9043,5.4832,BJP,67.55,17.7414,9.4959,BJP,67.32,17.3136,-0.5942,3.789999999999999,-0.23000000000000398,6.8370999999999995,-0.42779999999999774,0,0,1,0,0,4
TA-AC0560,Tamil Nadu,Rural,INC,67.94,7.9746,4.2367,INC,62.41,-1.9825,-13.8293,AIADMK,57.68,-10.485,-11.809,-5.530000000000001,-4.729999999999997,-9.9571,-8.5025,0,1,0,2,3,7
AS-AC0561,Assam,Semi-Urban,AIUDF,74.83,10.5376,7.2268,AIUDF,77.96,16.1787,7.8349,AIUDF,79.73,19.3656,4.4262,3.1299999999999955,1.7700000000000102,5.6411,3.1869000000000014,0,0,1,1,0,3
TA-AC0562,Tamil Nadu,Semi-Urban,INC,83.43,30.4896,36.577,INC,84.87,33.0945,3.6179,INC,89.21,40.9024,10.8443,1.4399999999999977,4.339999999999989,2.604899999999997,7.807900000000004,0,0,1,1,3,7
KE-AC0563,Kerala,Rural,BJP,84.4,5.5303,4.2819,LDF,83.28,3.5143,-2.7999,LDF,78.16,-5.6947,-12.7903,-1.1200000000000045,-5.1200000000000045,-2.0160000000000005,-9.209,1,0,0,2,1,8
WE-AC0564,West Bengal,Rural,BJP,74.65,3.1612,-6.1139,CPIM,74.28,2.492,-0.9294,TMC,73.32,0.7676,-2.395,-0.37000000000000455,-0.960000000000008,-0.6692,-1.7244000000000002,1,1,0,2,4,5
KE-AC0565,Kerala,Rural,UDF,80.19,-5.8879,-10.7542,BJP,85.45,3.575,13.143,BJP,85.97,4.523,1.3167,5.260000000000005,0.519999999999996,9.462900000000001,0.9479999999999995,1,0,0,2,1,4
WE-AC0566,West Bengal,Rural,TMC,75.64,31.5001,3.4664,TMC,81.47,41.9979,14.5803,TMC,75.48,31.2253,-14.962,5.829999999999998,-5.989999999999995,10.497800000000002,-10.7726,0,0,1,2,4,9
KE-AC0567,Kerala,Semi-Urban,BJP,80.32,19.2327,14.4731,BJP,82.59,23.323,5.681,BJP,78.39,15.7655,-10.4966,2.2700000000000102,-4.200000000000003,4.090299999999999,-7.557500000000001,0,0,1,1,1,4
AS-AC0568,Assam,Rural,AGP,71.14,16.65,3.5622,AGP,65.49,6.4815,-14.1229,AGP,65.85,7.1308,0.9018,-5.650000000000006,0.35999999999999943,-10.168499999999998,0.6493000000000002,0,0,1,2,0,0
AS-AC0569,Assam,Urban,INC,68.52,1.9574,-7.7461,AIUDF,61.76,-10.2047,-16.8918,AGP,59.88,-13.5978,-4.7126,-6.759999999999998,-1.8799999999999955,-12.1621,-3.3930999999999987,1,1,0,0,0,3
WE-AC0570,West Bengal,Rural,CPIM,68.33,4.0028,-3.203,CPIM,74.9,15.8351,16.4338,CPIM,76.35,18.4318,3.6065,6.570000000000007,1.4499999999999886,11.8323,2.5966999999999985,0,0,1,2,4,5
PU-AC0571,Puducherry,Rural,INC,75.54,5.8893,5.9257,BJP,64.72,-13.5823,-27.0439,BJP,62.2,-18.1175,-6.2988,-10.820000000000007,-2.519999999999996,-19.471600000000002,-4.5352,1,0,0,2,2,4
AS-AC0572,Assam,Urban,AGP,56.49,-8.8229,-14.0556,INC,52.55,-15.9149,-9.8499,AIUDF,53.35,-14.4844,1.9868,-3.940000000000005,0.8000000000000043,-7.091999999999999,1.4304999999999986,1,1,0,0,0,7
PU-AC0573,Puducherry,Rural,BJP,83.64,5.514,0.7176,DMK,81.97,2.5141,-4.1665,DMK,80.93,0.6432,-2.5985,-1.6700000000000017,-1.039999999999992,-2.9999000000000002,-1.8709,1,0,0,2,2,6
TA-AC0574,Tamil Nadu,Rural,BJP,78.85,12.5895,13.1728,BJP,82.42,19.0137,8.9225,BJP,83.51,20.9706,2.718,3.5700000000000074,1.0900000000000034,6.424200000000001,1.956900000000001,0,0,1,2,3,4
AS-AC0575,Assam,Semi-Urban,INC,77.17,14.4616,10.6059,AIUDF,69.87,1.3096,-18.2666,INC,70.43,2.3249,1.4101,-7.299999999999997,0.5600000000000023,-13.152000000000001,1.0152999999999999,1,1,0,1,0,3
PU-AC0576,Puducherry,Rural,INC,73.46,-3.426,-8.2432,AINRC,69.66,-10.267,-9.5014,AINRC,68.87,-11.6975,-1.9869,-3.799999999999997,-0.789999999999992,-6.840999999999999,-1.4305000000000003,1,0,0,2,2,2
PU-AC0577,Puducherry,Rural,BJP,74.34,8.9903,-15.2018,BJP,75.39,10.8854,2.632,BJP,73.73,7.8924,-4.1569,1.0499999999999972,-1.6599999999999966,1.8951000000000011,-2.9930000000000003,0,0,1,2,2,4
AS-AC0578,Assam,Rural,INC,85.25,6.9313,7.8396,AGP,83.6,3.9461,-4.1462,AGP,87.37,10.7429,9.4401,-1.6500000000000057,3.7700000000000102,-2.9852000000000003,6.796800000000001,1,0,1,2,0,0
WE-AC0579,West Bengal,Rural,BJP,85.01,8.1762,8.4032,BJP,86.01,9.9783,2.503,BJP,89.24,15.8039,8.0912,1.0,3.2299999999999898,1.8021000000000011,5.8256,0,0,1,2,4,4
TA-AC0580,Tamil Nadu,Rural,AIADMK,81.89,14.4317,16.7858,AIADMK,85.53,20.9823,9.0981,AIADMK,79.67,10.4372,-14.646,3.6400000000000006,-5.859999999999999,6.550599999999999,-10.545099999999998,0,0,1,2,3,1
WE-AC0581,West Bengal,Urban,INC,64.13,4.3267,1.3865,INC,64.08,4.2357,-0.1264,INC,64.58,5.1429,1.26,-0.04999999999999716,0.5,-0.09100000000000019,0.9072000000000005,0,0,1,0,4,7
PU-AC0582,Puducherry,Urban,BJP,62.38,-3.8572,-6.982,BJP,69.09,8.2293,16.7867,BJP,61.44,-5.5345,-19.1164,6.710000000000001,-7.650000000000006,12.086500000000001,-13.7638,0,0,0,0,2,4
TA-AC0583,Tamil Nadu,Semi-Urban,AIADMK,76.62,2.7227,0.798,AIADMK,81.18,10.9275,11.3956,AIADMK,79.63,8.1385,-3.8736,4.560000000000002,-1.5500000000000114,8.2048,-2.7889999999999997,0,0,1,1,3,1
PU-AC0584,Puducherry,Rural,DMK,86.62,8.5483,-0.5187,DMK,85.99,7.4037,-1.5897,BJP,82.42,0.9751,-8.9285,-0.6300000000000097,-3.569999999999993,-1.1445999999999996,-6.428599999999999,0,1,0,2,2,6
WE-AC0585,West Bengal,Rural,CPIM,86.49,9.4995,8.112,CPIM,85.85,8.3363,-1.6156,BJP,83.35,3.8372,-6.2488,-0.6400000000000006,-2.5,-1.1631999999999998,-4.499099999999999,0,1,0,2,4,5
AS-AC0586,Assam,Semi-Urban,BJP,69.85,6.2472,-3.7257,BJP,64.08,-4.1317,-14.4152,BJP,61.99,-7.9038,-5.239,-5.769999999999996,-2.0899999999999963,-10.378900000000002,-3.7721,0,0,0,1,0,4
TA-AC0587,Tamil Nadu,Rural,BJP,92.59,10.4876,5.7125,BJP,95.0,14.8272,6.0272,DMK,88.74,3.5622,-15.6458,2.4099999999999966,-6.260000000000005,4.339599999999999,-11.265,0,1,0,2,3,4
TA-AC0588,Tamil Nadu,Rural,INC,71.23,-8.5217,-18.9001,BJP,69.41,-11.7962,-4.5479,AIADMK,65.25,-19.2828,-10.3981,-1.8200000000000074,-4.159999999999997,-3.2745000000000015,-7.486600000000001,1,1,0,2,3,4
TA-AC0589,Tamil Nadu,Rural,BJP,76.69,-9.5656,-16.2353,BJP,77.16,-8.7067,1.193,BJP,76.9,-9.1888,-0.6696,0.46999999999999886,-0.2599999999999909,0.8589000000000002,-0.48210000000000086,0,0,0,2,3,4
KE-AC0590,Kerala,Rural,BJP,84.06,19.3834,11.4926,BJP,86.29,23.3835,5.5558,BJP,77.66,7.8632,-21.5559,2.230000000000004,-8.63000000000001,4.0001,-15.520300000000002,0,0,1,2,1,4
AS-AC0591,Assam,Semi-Urban,AIUDF,63.41,3.4948,-18.6734,AIUDF,66.59,9.2169,7.9474,AIUDF,70.91,16.9906,10.7968,3.180000000000007,4.319999999999993,5.722100000000001,7.7737,0,0,1,1,0,3
AS-AC0592,Assam,Urban,BJP,56.29,24.5124,13.1964,BJP,55.29,22.7138,-2.4981,BJP,56.56,25.0091,3.188,-1.0,1.2700000000000031,-1.7986000000000004,2.295300000000001,0,0,1,0,0,4
AS-AC0593,Assam,Urban,INC,63.98,20.0622,4.7983,INC,62.91,18.128,-2.6865,BJP,55.56,4.9062,-18.3636,-1.0700000000000003,-7.349999999999994,-1.9342000000000006,-13.2218,0,1,0,0,0,7
TA-AC0594,Tamil Nadu,Urban,AIADMK,71.6,1.8642,1.1207,AIADMK,76.16,10.0839,11.4163,AIADMK,74.4,6.9004,-4.4215,4.560000000000002,-1.759999999999991,8.2197,-3.1834999999999996,0,0,1,0,3,1
WE-AC0595,West Bengal,Urban,TMC,65.41,9.6546,9.7568,TMC,61.52,2.6551,-9.7215,TMC,65.45,9.7278,9.8232,-3.8899999999999935,3.9299999999999997,-6.9995,7.0727,0,0,1,0,4,9
WE-AC0596,West Bengal,Urban,TMC,64.85,6.6481,-1.3264,BJP,57.63,-6.3444,-18.0451,CPIM,56.15,-9.0043,-3.6943,-7.219999999999992,-1.480000000000004,-12.9925,-2.6599000000000004,1,1,0,0,4,4
WE-AC0597,West Bengal,Rural,INC,73.65,-5.6574,-16.6716,CPIM,73.91,-5.2061,0.6268,CPIM,74.26,-4.5591,0.8986,0.2599999999999909,0.3500000000000085,0.4512999999999998,0.6470000000000002,1,0,0,2,4,5
AS-AC0598,Assam,Rural,BJP,76.86,-2.6964,-10.9021,AIUDF,72.92,-9.7923,-9.8554,INC,69.04,-16.7745,-9.6974,-3.9399999999999977,-3.8799999999999955,-7.0958999999999985,-6.982200000000001,1,1,0,2,0,3
PU-AC0599,Puducherry,Rural,INC,86.91,-1.1568,-3.8538,AINRC,84.68,-5.1759,-5.5821,INC,83.95,-6.4868,-1.8207,-2.2299999999999898,-0.730000000000004,-4.0191,-1.3108999999999993,1,1,0,2,2,2
KE-AC0600,Kerala,Urban,UDF,65.32,5.8528,-5.9101,UDF,67.68,10.0945,5.8912,UDF,68.36,11.3081,1.6856,2.3600000000000136,0.6799999999999926,4.2417,1.2135999999999996,0,0,1,0,1,10
TA-AC0601,Tamil Nadu,Semi-Urban,DMK,70.5,10.6232,0.2476,DMK,69.14,8.1807,-3.3924,DMK,62.57,-3.6457,-16.4255,-1.3599999999999994,-6.57,-2.442500000000001,-11.8264,0,0,0,1,3,6
TA-AC0602,Tamil Nadu,Rural,DMK,95.0,40.4435,12.6458,DMK,90.3,31.9762,-11.7602,DMK,88.95,29.5613,-3.354,-4.700000000000003,-1.3499999999999943,-8.467300000000002,-2.4148999999999994,0,0,1,2,3,6
AS-AC0603,Assam,Semi-Urban,AGP,71.03,0.6973,-1.4752,INC,69.79,-1.5374,-3.1037,BJP,67.38,-5.8657,-6.0115,-1.2399999999999949,-2.410000000000011,-2.2347,-4.3283000000000005,1,1,0,1,0,7
KE-AC0604,Kerala,Urban,BJP,49.47,-2.1962,-11.7946,BJP,55.21,8.1364,14.3509,BJP,53.82,5.6358,-3.473,5.740000000000002,-1.3900000000000006,10.3326,-2.5006000000000004,0,0,1,0,1,4
KE-AC0605,Kerala,Rural,BJP,79.85,8.4486,6.9869,BJP,79.95,8.6301,0.2521,INC,73.77,-2.4804,-15.4312,0.10000000000000853,-6.180000000000007,0.18149999999999977,-11.1105,0,1,0,2,1,4
AS-AC0606,Assam,Rural,AIUDF,90.07,15.169,13.0343,AIUDF,88.63,12.5768,-3.6003,AIUDF,90.73,16.3511,5.242,-1.4399999999999977,2.1000000000000085,-2.5922,3.7742999999999984,0,0,1,2,0,3
TA-AC0607,Tamil Nadu,Rural,BJP,75.99,-3.1543,-8.8777,BJP,79.98,4.0287,9.9763,AIADMK,78.83,1.9638,-2.8679,3.990000000000009,-1.1500000000000057,7.183,-2.0648999999999997,0,1,0,2,3,4
PU-AC0608,Puducherry,Rural,AINRC,86.39,5.9727,4.9609,AINRC,89.27,11.1646,7.2109,AINRC,87.96,8.8022,-3.2812,2.8799999999999955,-1.3100000000000023,5.1919,-2.362400000000001,0,0,1,2,2,2
AS-AC0609,Assam,Urban,AIUDF,61.65,8.7527,-6.024,AIUDF,61.99,9.3656,0.8512,AIUDF,68.37,20.8493,15.9495,0.3400000000000034,6.380000000000003,0.6128999999999998,11.483699999999999,0,0,1,0,0,3
AS-AC0610,Assam,Semi-Urban,INC,71.45,-6.2531,-11.1043,INC,74.49,-0.7817,7.5992,INC,80.61,10.2293,15.293,3.039999999999992,6.1200000000000045,5.4714,11.011000000000001,0,0,1,1,0,7
TA-AC0611,Tamil Nadu,Rural,AIADMK,78.61,7.8825,6.8326,AIADMK,78.06,6.8813,-1.3905,AIADMK,82.88,15.558,12.051,-0.5499999999999972,4.819999999999993,-1.0011999999999999,8.6767,0,0,1,2,3,1
TA-AC0612,Tamil Nadu,Urban,AIADMK,58.78,12.2813,-7.6783,AIADMK,55.92,7.1272,-7.1585,BJP,52.66,1.263,-8.1447,-2.8599999999999994,-3.260000000000005,-5.1541,-5.8642,0,1,0,0,3,1
WE-AC0613,West Bengal,Urban,BJP,69.74,8.9371,9.3567,BJP,69.76,8.9695,0.045,BJP,68.79,7.2226,-2.4263,0.020000000000010232,-0.9699999999999989,0.03240000000000087,-1.7469000000000001,0,0,1,0,4,4
AS-AC0614,Assam,Semi-Urban,AGP,56.41,-10.6032,-21.0511,BJP,60.75,-2.8003,10.8374,AGP,56.81,-9.8867,-9.8422,4.340000000000003,-3.9399999999999977,7.802899999999999,-7.086399999999999,1,1,0,1,0,4
PU-AC0615,Puducherry,Semi-Urban,INC,73.98,8.7454,10.0592,AINRC,69.47,0.6274,-11.275,AINRC,73.98,8.7483,11.2791,-4.510000000000005,4.510000000000005,-8.118,8.1209,1,0,1,1,2,2
WE-AC0616,West Bengal,Rural,INC,74.82,-1.5868,-5.2306,CPIM,74.16,-2.7749,-1.6501,CPIM,78.49,5.0204,10.8268,-0.6599999999999966,4.329999999999998,-1.1881000000000002,7.795300000000001,1,0,1,2,4,5
TA-AC0617,Tamil Nadu,Semi-Urban,INC,87.7,23.5058,24.9887,INC,78.62,7.1663,-22.6937,DMK,74.92,0.5114,-9.243,-9.079999999999998,-3.700000000000003,-16.3395,-6.6549,0,1,0,1,3,7
KE-AC0618,Kerala,Rural,BJP,77.09,-3.9967,-18.0389,INC,77.77,-2.7712,1.702,BJP,81.59,4.1071,9.5532,0.6799999999999926,3.8200000000000074,1.2255000000000003,6.878299999999999,1,1,0,2,1,7
KE-AC0619,Kerala,Rural,LDF,81.26,0.0493,-1.9222,INC,82.64,2.5344,3.4515,BJP,79.24,-3.5837,-8.4974,1.3799999999999955,-3.4000000000000057,2.4851,-6.1181,1,1,0,2,1,7
WE-AC0620,West Bengal,Rural,CPIM,74.02,13.175,-8.646,TMC,68.05,2.4157,-14.9435,TMC,71.7,8.99,9.1309,-5.969999999999999,3.6500000000000057,-10.7593,6.5743,1,0,1,2,4,9
AS-AC0621,Assam,Urban,INC,69.96,3.3012,-0.0272,INC,73.19,9.1185,8.0796,INC,70.72,4.6728,-6.1746,3.230000000000004,-2.469999999999999,5.8172999999999995,-4.4456999999999995,0,0,0,0,0,7
PU-AC0622,Puducherry,Semi-Urban,DMK,62.49,44.9454,-0.0758,DMK,60.61,41.5592,-4.703,DMK,54.11,29.8608,-16.2478,-1.8800000000000026,-6.5,-3.3862000000000023,-11.698399999999996,0,0,1,1,2,6
WE-AC0623,West Bengal,Urban,TMC,70.75,22.4328,26.3144,TMC,79.01,37.2882,20.6325,TMC,80.2,39.4414,2.9906,8.260000000000005,1.1899999999999977,14.855400000000003,2.1531999999999982,0,0,1,0,4,9
AS-AC0624,Assam,Semi-Urban,AIUDF,78.56,12.8677,11.0804,AIUDF,76.94,9.9428,-4.0624,AIUDF,74.47,5.5016,-6.1683,-1.6200000000000045,-2.469999999999999,-2.924899999999999,-4.4412,0,0,1,1,0,3
AS-AC0625,Assam,Rural,BJP,85.85,9.4772,8.1993,BJP,87.15,11.8124,3.2434,BJP,85.02,7.9768,-5.3273,1.3000000000000114,-2.1300000000000097,2.3352000000000004,-3.8356000000000003,0,0,1,2,0,4
TA-AC0626,Tamil Nadu,Rural,AIADMK,80.95,29.1488,-1.6456,AIADMK,84.0,34.6448,7.6333,AIADMK,86.04,38.3264,5.1133,3.049999999999997,2.0400000000000063,5.495999999999995,3.681600000000003,0,0,1,2,3,1
TA-AC0627,Tamil Nadu,Urban,BJP,68.72,17.1208,10.7193,BJP,65.21,10.79,-8.7928,BJP,66.6,13.2999,3.486,-3.510000000000005,1.3900000000000006,-6.3308,2.5099,0,0,1,0,3,4
WE-AC0628,West Bengal,Semi-Urban,CPIM,69.01,10.156,-0.7165,CPIM,73.33,17.9444,10.8172,CPIM,71.51,14.6584,-4.5639,4.319999999999993,-1.8199999999999932,7.788400000000001,-3.2860000000000014,0,0,1,1,4,5
TA-AC0629,Tamil Nadu,Urban,DMK,46.72,-13.9983,-24.9806,DMK,47.52,-12.555,2.0046,BJP,49.95,-8.1709,6.0891,0.8000000000000043,2.4299999999999997,1.4433000000000007,4.3841,0,1,0,0,3,6
WE-AC0630,West Bengal,Semi-Urban,BJP,79.32,7.7526,5.305,BJP,82.66,13.7705,8.3582,BJP,86.84,21.2967,10.4531,3.3400000000000034,4.180000000000007,6.0179,7.526200000000001,0,0,1,1,4,4
PU-AC0631,Puducherry,Urban,BJP,60.83,19.5023,1.088,BJP,64.83,26.7121,10.0137,BJP,65.89,28.6171,2.6458,4.0,1.0600000000000023,7.209799999999998,1.9050000000000011,0,0,1,0,2,4
KE-AC0632,Kerala,Urban,BJP,69.1,19.4138,5.2931,BJP,67.23,16.0564,-4.663,BJP,61.18,5.1631,-15.1296,-1.8699999999999903,-6.050000000000004,-3.3573999999999984,-10.8933,0,0,1,0,1,4
WE-AC0633,West Bengal,Rural,BJP,83.65,10.2548,11.7895,BJP,86.04,14.5515,5.9676,BJP,77.95,-0.0188,-20.2365,2.3900000000000006,-8.090000000000003,4.296700000000001,-14.570300000000001,0,0,0,2,4,4
PU-AC0634,Puducherry,Rural,INC,79.94,7.1062,2.8679,INC,82.24,11.2413,5.7432,INC,81.73,10.3285,-1.2678,2.299999999999997,-0.5099999999999909,4.1351,-0.9128000000000007,0,0,1,2,2,7
AS-AC0635,Assam,Urban,AGP,54.46,18.0365,3.4104,AGP,47.94,6.2913,-16.3127,AIUDF,46.32,3.3863,-4.0347,-6.520000000000003,-1.6199999999999974,-11.7452,-2.905,0,1,0,0,0,0
PU-AC0636,Puducherry,Rural,AINRC,72.47,18.9909,-11.5642,AINRC,75.87,25.1115,8.5008,AINRC,77.55,28.1188,4.1768,3.4000000000000057,1.6799999999999926,6.1206,3.0073000000000008,0,0,1,2,2,2
TA-AC0637,Tamil Nadu,Urban,INC,76.31,24.3395,12.4323,INC,79.14,29.4312,7.0719,INC,83.05,36.4813,9.7919,2.8299999999999983,3.9099999999999966,5.0916999999999994,7.050099999999997,0,0,1,0,3,7
PU-AC0638,Puducherry,Rural,AINRC,80.39,2.8592,2.2092,INC,80.2,2.5147,-0.4785,DMK,78.85,0.0789,-3.3831,-0.18999999999999773,-1.3500000000000085,-0.34450000000000003,-2.4358,1,1,0,2,2,7
KE-AC0639,Kerala,Rural,UDF,74.72,-1.8048,-6.5388,BJP,78.17,4.4156,8.6395,INC,78.12,4.3312,-0.1172,3.450000000000003,-0.04999999999999716,6.220400000000001,-0.08440000000000047,1,1,0,2,1,4
AS-AC0640,Assam,Urban,AIUDF,62.26,2.3174,-7.6497,AIUDF,64.07,5.5722,4.5205,BJP,62.94,3.5404,-2.8219,1.8099999999999952,-1.1299999999999955,3.2547999999999995,-2.0317999999999996,0,1,0,0,0,3
TA-AC0641,Tamil Nadu,Rural,BJP,64.37,-0.9464,-11.9419,BJP,60.54,-7.8496,-9.5878,INC,55.13,-17.5877,-13.5251,-3.8300000000000054,-5.409999999999997,-6.9032,-9.738100000000003,0,1,0,2,3,4
WE-AC0642,West Bengal,Semi-Urban,CPIM,70.5,18.9601,-7.4277,CPIM,70.3,18.6058,-0.492,CPIM,72.25,22.1272,4.8908,-0.20000000000000284,1.9500000000000028,-0.35430000000000206,3.5214,0,0,1,1,4,5
PU-AC0643,Puducherry,Rural,BJP,73.31,6.9643,-9.356,BJP,72.6,5.6833,-1.7792,DMK,68.95,-0.8889,-9.1281,-0.710000000000008,-3.6499999999999915,-1.2809999999999997,-6.5722000000000005,0,1,0,2,2,4
KE-AC0644,Kerala,Rural,INC,85.67,11.2064,12.1729,INC,85.06,10.1011,-1.5351,INC,84.1,8.3655,-2.4105,-0.6099999999999994,-0.960000000000008,-1.1052999999999997,-1.7355999999999998,0,0,1,2,1,7
WE-AC0645,West Bengal,Rural,BJP,73.66,-2.7446,-6.8844,TMC,75.35,0.3001,4.2288,TMC,64.26,-19.6743,-27.7422,1.6899999999999977,-11.08999999999999,3.0447,-19.9744,1,0,0,2,4,9
TA-AC0646,Tamil Nadu,Rural,INC,81.16,15.6904,-6.3759,INC,82.03,17.2505,2.1668,INC,80.82,15.0664,-3.0335,0.8700000000000045,-1.210000000000008,1.5600999999999985,-2.184099999999999,0,0,1,2,3,7
AS-AC0647,Assam,Rural,INC,63.66,9.0934,-19.3329,INC,67.93,16.7912,10.6914,INC,64.84,11.2225,-7.7344,4.27000000000001,-3.0900000000000034,7.697799999999999,-5.5687,0,0,1,2,0,7
KE-AC0648,Kerala,Urban,LDF,66.19,7.7028,5.8431,LDF,65.79,6.9794,-1.0048,LDF,65.56,6.5662,-0.5739,-0.3999999999999915,-0.23000000000000398,-0.7233999999999998,-0.4131999999999998,0,0,1,0,1,8
PU-AC0649,Puducherry,Rural,BJP,78.7,8.5485,8.7292,BJP,84.5,18.9874,14.4985,BJP,78.79,8.7193,-14.2612,5.799999999999997,-5.709999999999994,10.4389,-10.2681,0,0,1,2,2,4
KE-AC0650,Kerala,Rural,LDF,81.71,3.1272,-16.0789,UDF,80.74,1.3684,-2.4428,LDF,82.47,4.4953,4.343,-0.9699999999999989,1.730000000000004,-1.7588000000000001,3.1269,1,1,0,2,1,10
AS-AC0651,Assam,Rural,BJP,77.46,14.3986,7.5567,BJP,77.85,15.1027,0.978,BJP,77.25,14.0178,-1.5068,0.39000000000000057,-0.5999999999999943,0.7041000000000004,-1.084900000000001,0,0,1,2,0,4
PU-AC0652,Puducherry,Semi-Urban,INC,66.07,8.4255,-8.4933,INC,64.93,6.3752,-2.8476,INC,62.94,2.7841,-4.9877,-1.1399999999999864,-1.990000000000009,-2.050299999999999,-3.5911000000000004,0,0,0,1,2,7
WE-AC0653,West Bengal,Rural,INC,80.56,36.0017,1.0423,INC,75.81,27.4562,-11.8688,INC,74.62,25.3077,-2.9841,-4.75,-1.1899999999999977,-8.5455,-2.1484999999999985,0,0,1,2,4,7
WE-AC0654,West Bengal,Urban,BJP,60.37,-3.3339,-9.1229,TMC,63.87,2.9699,8.7552,TMC,66.66,7.9749,6.9514,3.5,2.789999999999999,6.3038,5.005,1,0,1,0,4,9
TA-AC0655,Tamil Nadu,Urban,BJP,62.99,6.8222,0.3839,BJP,68.18,16.1731,12.9873,BJP,65.32,11.0254,-7.1496,5.190000000000005,-2.8600000000000136,9.350900000000003,-5.147700000000002,0,0,1,0,3,4
KE-AC0656,Kerala,Semi-Urban,UDF,78.29,7.4586,-1.084,UDF,83.79,17.357,13.7478,UDF,82.53,15.0883,-3.151,5.5,-1.2600000000000051,9.898399999999999,-2.268699999999999,0,0,1,1,1,10
AS-AC0657,Assam,Rural,INC,93.42,11.23,13.1169,AGP,89.05,3.3666,-10.9214,INC,88.04,1.5401,-2.5368,-4.3700000000000045,-1.009999999999991,-7.8634,-1.8265,1,1,0,2,0,0
PU-AC0658,Puducherry,Urban,DMK,62.08,-3.6212,-8.3889,BJP,62.35,-3.1328,0.6784,BJP,54.27,-17.6763,-20.1993,0.2700000000000031,-8.079999999999998,0.48839999999999995,-14.543500000000002,1,0,0,0,2,4
WE-AC0659,West Bengal,Rural,BJP,82.21,7.9682,1.4029,BJP,78.32,0.9626,-9.7299,BJP,86.26,15.2666,19.8667,-3.8900000000000006,7.940000000000012,-7.0056,14.304,0,0,1,2,4,4
PU-AC0660,Puducherry,Rural,AINRC,84.64,26.8481,17.2623,AINRC,81.09,20.4593,-8.8733,AINRC,84.17,26.0162,7.718,-3.549999999999997,3.0799999999999983,-6.3888,5.556900000000002,0,0,1,2,2,2
AS-AC0661,Assam,Rural,AGP,75.89,11.0034,-1.0282,AGP,83.24,24.2315,18.3724,AGP,89.12,34.8292,14.7191,7.349999999999994,5.88000000000001,13.228100000000001,10.5977,0,0,1,2,0,0
WE-AC0662,West Bengal,Rural,BJP,79.55,3.8178,-2.5587,BJP,79.83,4.3185,0.6954,BJP,87.44,18.0103,19.0164,0.28000000000000114,7.609999999999999,0.5007000000000001,13.6918,0,0,1,2,4,4
WE-AC0663,West Bengal,Semi-Urban,BJP,82.62,7.8493,6.7846,BJP,79.74,2.6733,-7.1889,BJP,80.56,4.1426,2.0407,-2.8800000000000097,0.8200000000000074,-5.176,1.4693,0,0,0,1,4,4
TA-AC0664,Tamil Nadu,Rural,DMK,92.14,17.3508,21.5493,DMK,90.88,15.0807,-3.153,DMK,87.11,8.3053,-9.4102,-1.2600000000000051,-3.769999999999996,-2.2700999999999993,-6.775399999999999,0,0,1,2,3,6
PU-AC0665,Puducherry,Rural,DMK,79.29,26.8435,6.8756,DMK,78.0,24.5144,-3.2348,DMK,73.37,16.1738,-11.5841,-1.2900000000000063,-4.6299999999999955,-2.3291000000000004,-8.340599999999998,0,0,1,2,2,6
TA-AC0666,Tamil Nadu,Rural,DMK,75.86,2.1837,0.3557,DMK,78.47,6.8803,6.5231,INC,71.95,-4.8653,-16.3134,2.6099999999999994,-6.519999999999996,4.6966,-11.7456,0,1,0,2,3,6
AS-AC0667,Assam,Rural,AGP,80.26,1.6946,-9.6265,AGP,83.03,6.6825,6.9277,AGP,87.46,14.6445,11.0583,2.769999999999996,4.429999999999993,4.9879,7.962000000000001,0,0,1,2,0,0
PU-AC0668,Puducherry,Rural,AINRC,78.26,42.481,-3.4987,AINRC,78.98,43.7743,1.7963,AINRC,72.95,32.9294,-15.0624,0.7199999999999989,-6.030000000000001,1.293299999999995,-10.844899999999996,0,0,1,2,2,2
PU-AC0669,Puducherry,Urban,DMK,52.32,-10.4997,-16.0509,DMK,47.23,-19.6539,-12.7141,BJP,42.24,-28.6344,-12.4729,-5.090000000000003,-4.989999999999995,-9.1542,-8.9805,0,1,0,0,2,6
TA-AC0670,Tamil Nadu,Semi-Urban,DMK,81.54,14.5141,7.9087,DMK,84.69,20.1934,7.8878,DMK,85.75,22.0876,2.6308,3.1499999999999915,1.0600000000000023,5.679300000000001,1.8941999999999979,0,0,1,1,3,6
WE-AC0671,West Bengal,Urban,INC,61.91,2.2059,0.7403,INC,59.7,-1.7646,-5.5146,CPIM,59.8,-1.5911,0.241,-2.2099999999999937,0.09999999999999432,-3.9705000000000004,0.1735,0,1,0,0,4,7
TA-AC0672,Tamil Nadu,Semi-Urban,DMK,76.64,20.1272,5.4766,DMK,78.91,24.2046,5.6631,DMK,76.69,20.2078,-5.5511,2.269999999999996,-2.219999999999999,4.077400000000001,-3.9968000000000004,0,0,1,1,3,6
PU-AC0673,Puducherry,Semi-Urban,INC,88.68,18.2983,11.8426,INC,91.57,23.5027,7.2283,INC,92.02,24.3077,1.118,2.8899999999999864,0.45000000000000284,5.2044,0.8049999999999997,0,0,1,1,2,7
TA-AC0674,Tamil Nadu,Urban,AIADMK,60.28,25.4361,21.1235,AIADMK,57.12,19.7489,-7.8988,AIADMK,57.12,19.7352,-0.0191,-3.1600000000000037,0.0,-5.687200000000001,-0.013700000000000045,0,0,1,0,3,1
WE-AC0675,West Bengal,Rural,CPIM,73.86,17.1114,-0.4988,CPIM,69.67,9.5793,-10.4612,CPIM,71.56,12.9878,4.7341,-4.189999999999998,1.8900000000000006,-7.5321,3.4085,0,0,1,2,4,5
WE-AC0676,West Bengal,Urban,BJP,71.04,6.1957,6.8625,INC,64.76,-5.1141,-15.7081,CPIM,67.04,-1.0051,5.7069,-6.280000000000001,2.280000000000001,-11.3098,4.109,1,1,0,0,4,7
PU-AC0677,Puducherry,Semi-Urban,AINRC,72.0,3.8503,-8.335,BJP,72.26,4.3058,0.6326,BJP,76.7,12.2991,11.1017,0.2600000000000051,4.439999999999998,0.4554999999999998,7.9933,1,0,1,1,2,4
AS-AC0678,Assam,Rural,AGP,81.3,3.1613,1.8077,INC,80.89,2.4386,-1.0037,BJP,77.68,-3.3559,-8.0478,-0.4099999999999966,-3.2099999999999937,-0.7227000000000001,-5.7945,1,1,0,2,0,7
AS-AC0679,Assam,Rural,AGP,79.56,16.2023,7.219,AGP,74.48,7.0583,-12.7,AGP,77.16,11.8739,6.6884,-5.079999999999998,2.6799999999999926,-9.144000000000002,4.815600000000001,0,0,1,2,0,0
TA-AC0680,Tamil Nadu,Urban,AIADMK,67.4,9.7701,10.232,AIADMK,66.6,8.3302,-1.9998,DMK,62.48,0.9202,-10.2917,-0.8000000000000114,-4.119999999999997,-1.4398999999999997,-7.409999999999999,0,1,0,0,3,1
PU-AC0681,Puducherry,Urban,AINRC,68.91,25.2018,0.2655,AINRC,69.0,25.3664,0.2286,AINRC,71.95,30.6765,7.3751,0.09000000000000341,2.950000000000003,0.16460000000000008,5.310100000000002,0,0,1,0,2,2
PU-AC0682,Puducherry,Rural,DMK,84.69,24.665,12.0245,DMK,80.31,16.7791,-10.9527,BJP,67.6,-6.0932,-31.767,-4.3799999999999955,-12.710000000000008,-7.8858999999999995,-22.8723,0,1,0,2,2,6
TA-AC0683,Tamil Nadu,Rural,AIADMK,81.68,9.3531,2.544,AIADMK,84.22,13.9244,6.349,AIADMK,93.79,31.1436,23.9155,2.539999999999992,9.570000000000007,4.571300000000001,17.2192,0,0,1,2,3,1
TA-AC0684,Tamil Nadu,Rural,INC,79.86,0.6541,-3.1061,BJP,79.05,-0.7912,-2.0073,AIADMK,74.03,-9.8353,-12.5613,-0.8100000000000023,-5.019999999999996,-1.4453,-9.0441,1,1,0,2,3,4
AS-AC0685,Assam,Rural,AIUDF,78.83,15.1839,12.0533,AIUDF,75.5,9.1847,-8.3322,AGP,73.16,4.9664,-5.8588,-3.3299999999999983,-2.3400000000000034,-5.9992,-4.218299999999999,0,1,0,2,0,3
WE-AC0686,West Bengal,Urban,INC,67.46,-0.1848,-4.1943,INC,70.48,5.2619,7.5649,INC,62.83,-8.5193,-19.1406,3.0200000000000102,-7.650000000000006,5.4467,-13.781199999999998,0,0,0,0,4,7
PU-AC0687,Puducherry,Semi-Urban,INC,72.55,2.2924,-2.4775,INC,77.83,11.7994,13.2041,INC,74.33,5.5035,-8.7444,5.280000000000001,-3.5,9.507,-6.2959000000000005,0,0,1,1,2,7
TA-AC0688,Tamil Nadu,Urban,AIADMK,54.54,4.9276,1.1448,AIADMK,60.84,16.2562,15.7341,AIADMK,63.07,20.2748,5.5814,6.300000000000004,2.229999999999997,11.3286,4.018599999999999,0,0,1,0,3,1
TA-AC0689,Tamil Nadu,Semi-Urban,BJP,55.07,-1.1187,-4.2384,BJP,49.36,-11.3908,-14.2668,BJP,49.9,-10.423,1.3441,-5.710000000000001,0.5399999999999991,-10.2721,0.9678000000000004,0,0,0,1,3,4
WE-AC0690,West Bengal,Rural,INC,70.82,5.4419,0.9298,TMC,68.94,2.0687,-4.685,BJP,65.91,-3.3944,-7.5877,-1.8799999999999955,-3.030000000000001,-3.3732,-5.463100000000001,1,1,0,2,4,9
KE-AC0691,Kerala,Urban,INC,64.86,5.0046,-1.4165,INC,69.53,13.4025,11.6637,INC,71.65,17.2255,5.3098,4.670000000000002,2.1200000000000045,8.3979,3.8230000000000004,0,0,1,0,1,7
TA-AC0692,Tamil Nadu,Urban,BJP,65.05,9.175,3.9296,BJP,65.24,9.515,0.4723,DMK,60.13,0.3104,-12.7842,0.18999999999999773,-5.109999999999992,0.33999999999999986,-9.204600000000001,0,1,0,0,3,4
KE-AC0693,Kerala,Urban,LDF,59.19,13.817,5.142,LDF,59.36,14.1235,0.4257,LDF,66.51,26.9929,17.8742,0.1700000000000017,7.150000000000006,0.3064999999999998,12.869399999999999,0,0,1,0,1,8
PU-AC0694,Puducherry,Rural,INC,84.03,7.5967,-0.1258,AINRC,78.38,-2.5686,-14.1185,AINRC,77.43,-4.2877,-2.3876,-5.650000000000006,-0.9499999999999886,-10.1653,-1.7191,1,0,0,2,2,2
WE-AC0695,West Bengal,Rural,TMC,70.21,1.1449,-14.0647,CPIM,62.83,-12.1392,-18.4501,INC,65.97,-6.4829,7.8559,-7.3799999999999955,3.1400000000000006,-13.2841,5.656300000000001,1,1,0,2,4,5
AS-AC0696,Assam,Rural,INC,75.44,0.0935,-2.4414,AGP,73.87,-2.7342,-3.9274,AIUDF,72.94,-4.4217,-2.3437,-1.5699999999999932,-0.9300000000000068,-2.8277,-1.6875000000000004,1,1,0,2,0,0
KE-AC0697,Kerala,Rural,BJP,84.15,28.8974,9.7161,BJP,87.62,35.1356,8.6642,BJP,84.54,29.5964,-7.6933,3.469999999999999,-3.0799999999999983,6.2381999999999955,-5.5391999999999975,0,0,1,2,1,4
TA-AC0698,Tamil Nadu,Rural,INC,87.47,10.7623,10.4578,INC,88.81,13.1704,3.3446,INC,91.51,18.0332,6.7539,1.3400000000000034,2.700000000000003,2.408100000000001,4.8628,0,0,1,2,3,7
PU-AC0699,Puducherry,Urban,DMK,55.79,0.5959,-17.4139,BJP,54.62,-1.5198,-2.9385,BJP,54.78,-1.2328,0.3986,-1.1700000000000017,0.1600000000000037,-2.1157,0.28700000000000014,1,0,0,0,2,4
AS-AC0700,Assam,Urban,AIUDF,58.63,-3.2343,-5.925,AIUDF,43.79,-29.9376,-37.088,INC,50.81,-17.303,17.5481,-14.840000000000003,7.020000000000003,-26.7033,12.634599999999999,0,1,0,0,0,3
TA-AC0701,Tamil Nadu,Semi-Urban,AIADMK,83.93,21.6229,12.9275,AIADMK,90.58,33.6018,16.6373,AIADMK,91.8,35.7996,3.0524,6.6499999999999915,1.2199999999999989,11.978899999999996,2.197800000000001,0,0,1,1,3,1
WE-AC0702,West Bengal,Urban,CPIM,68.79,8.8803,8.8211,CPIM,68.49,8.3404,-0.7499,INC,65.06,2.1659,-8.5757,-0.30000000000001137,-3.4299999999999926,-0.5398999999999994,-6.1745,0,1,0,0,4,5
TA-AC0703,Tamil Nadu,Rural,AIADMK,94.3,9.383,8.9468,AIADMK,95.0,10.636,1.7403,AIADMK,95.0,10.636,0.0,0.7000000000000028,0.0,1.2530000000000001,0.0,0,0,1,2,3,1
KE-AC0704,Kerala,Semi-Urban,LDF,76.94,13.3023,12.2999,LDF,80.87,20.3776,9.8268,LDF,75.27,10.2971,-14.0007,3.930000000000007,-5.6000000000000085,7.0753,-10.0805,0,0,1,1,1,8
TA-AC0705,Tamil Nadu,Rural,DMK,88.1,16.6147,13.0299,DMK,92.38,24.3261,10.7102,DMK,93.69,26.6826,3.2729,4.280000000000001,1.3100000000000023,7.711400000000001,2.3565000000000005,0,0,1,2,3,6
KE-AC0706,Kerala,Rural,LDF,76.75,-2.5234,-6.0952,UDF,72.27,-10.5873,-11.1999,UDF,71.58,-11.8374,-1.7363,-4.480000000000004,-0.6899999999999977,-8.0639,-1.2500999999999998,1,0,0,2,1,10
WE-AC0707,West Bengal,Urban,CPIM,64.1,17.1241,-1.2803,CPIM,67.31,22.8896,8.0077,CPIM,65.74,20.0659,-3.9218,3.210000000000008,-1.5700000000000074,5.765500000000003,-2.8237000000000023,0,0,1,0,4,5
TA-AC0708,Tamil Nadu,Rural,AIADMK,84.34,15.3147,14.5276,AIADMK,90.45,26.3217,15.2875,AIADMK,90.13,25.7382,-0.8105,6.109999999999999,-0.3200000000000074,11.007,-0.5835000000000008,0,0,1,2,3,1
PU-AC0709,Puducherry,Rural,AINRC,73.22,-9.2201,-22.4487,BJP,71.17,-12.8971,-5.107,INC,75.74,-4.6829,11.4086,-2.049999999999997,4.569999999999993,-3.6769999999999996,8.2142,1,1,0,2,2,4
WE-AC0710,West Bengal,Rural,TMC,75.98,0.5417,-13.4721,TMC,73.74,-3.4912,-5.6012,TMC,72.74,-5.2905,-2.499,-2.240000000000009,-1.0,-4.0329,-1.7992999999999997,0,0,0,2,4,9
AS-AC0711,Assam,Rural,AIUDF,81.69,5.3871,5.6677,INC,79.06,0.654,-6.5737,INC,78.87,0.3015,-0.4897,-2.6299999999999955,-0.18999999999999773,-4.7331,-0.35250000000000004,1,0,0,2,0,7
AS-AC0712,Assam,Rural,AGP,80.65,-0.166,-8.4807,AGP,78.95,-3.2171,-4.2376,AIUDF,77.14,-6.4817,-4.5341,-1.7000000000000028,-1.8100000000000023,-3.0511,-3.2646,0,1,0,2,0,0
PU-AC0713,Puducherry,Rural,BJP,87.85,8.9758,5.1368,BJP,88.65,10.407,1.9877,BJP,89.35,11.6712,1.7558,0.8000000000000114,0.6999999999999886,1.4312000000000005,1.2642000000000007,0,0,1,2,2,4
WE-AC0714,West Bengal,Urban,TMC,66.53,31.9041,14.9094,TMC,68.88,36.1392,5.8821,TMC,68.61,35.6506,-0.6787,2.3499999999999943,-0.269999999999996,4.235100000000003,-0.48860000000000525,0,0,1,0,4,9
AS-AC0715,Assam,Semi-Urban,AIUDF,76.04,20.3617,8.9639,AIUDF,70.59,10.5455,-13.6336,AIUDF,73.49,15.7718,7.2588,-5.450000000000003,2.8999999999999915,-9.816199999999998,5.2263,0,0,1,1,0,3
WE-AC0716,West Bengal,Semi-Urban,INC,70.84,37.5336,12.5434,INC,73.76,42.7968,7.31,INC,75.91,46.6735,5.3843,2.9200000000000017,2.1499999999999915,5.263199999999998,3.8766999999999996,0,0,1,1,4,7
PU-AC0717,Puducherry,Urban,AINRC,72.66,16.4893,13.624,AINRC,73.9,18.7211,3.0997,AINRC,75.99,22.4784,5.2185,1.240000000000009,2.089999999999989,2.2318,3.7573000000000008,0,0,1,0,2,2
PU-AC0718,Puducherry,Urban,INC,65.5,17.7319,12.0782,INC,70.73,27.1443,13.0728,INC,74.16,33.3042,8.5554,5.230000000000004,3.4299999999999926,9.412400000000002,6.1599,0,0,1,0,2,7
TA-AC0719,Tamil Nadu,Rural,INC,86.59,7.1083,2.034,INC,89.84,12.9642,8.1332,INC,89.41,12.1761,-1.0945,3.25,-0.4300000000000068,5.8559,-0.7881,0,0,1,2,3,7
KE-AC0720,Kerala,Rural,LDF,82.91,1.8525,0.9187,LDF,84.1,3.9967,2.9781,LDF,92.51,19.1354,21.026,1.1899999999999977,8.41000000000001,2.1442,15.1387,0,0,1,2,1,8
WE-AC0721,West Bengal,Rural,CPIM,74.49,-0.3999,-6.0835,CPIM,73.47,-2.2422,-2.5587,TMC,72.62,-3.77,-2.122,-1.019999999999996,-0.8499999999999943,-1.8423,-1.5278,0,1,0,2,4,5
TA-AC0722,Tamil Nadu,Rural,DMK,81.45,5.701,-3.2897,AIADMK,79.88,2.8707,-3.931,DMK,76.39,-3.402,-8.7121,-1.5700000000000074,-3.489999999999995,-2.8303,-6.2727,1,1,0,2,3,1
TA-AC0723,Tamil Nadu,Rural,DMK,85.82,14.1344,15.0139,DMK,88.11,18.2511,5.7177,DMK,85.0,12.655,-7.7724,2.2900000000000063,-3.1099999999999994,4.116700000000002,-5.596100000000002,0,0,1,2,3,6
AS-AC0724,Assam,Urban,INC,74.12,25.4919,10.9853,INC,76.03,28.9323,4.7784,INC,75.52,28.0137,-1.2758,1.9099999999999966,-0.5100000000000051,3.4404000000000003,-0.9186000000000014,0,0,1,0,0,7
KE-AC0725,Kerala,Rural,UDF,76.64,5.9647,-3.395,BJP,69.8,-6.3454,-17.0974,UDF,67.57,-10.3558,-5.57,-6.840000000000003,-2.230000000000004,-12.310099999999998,-4.010400000000001,1,1,0,2,1,4
WE-AC0726,West Bengal,Urban,BJP,74.58,2.9446,-0.209,TMC,75.08,3.8555,1.2651,CPIM,74.08,2.054,-2.5021,0.5,-1.0,0.9109000000000003,-1.8015000000000003,1,1,0,0,4,9
AS-AC0727,Assam,Semi-Urban,INC,74.54,9.2787,6.5982,INC,77.71,14.9767,7.9139,INC,79.53,18.2521,4.5492,3.1699999999999875,1.8200000000000074,5.697999999999999,3.2753999999999994,0,0,1,1,0,7
KE-AC0728,Kerala,Semi-Urban,BJP,70.42,12.5146,7.1925,BJP,76.04,22.6318,14.0517,BJP,75.08,20.8941,-2.4134,5.6200000000000045,-0.960000000000008,10.117199999999999,-1.7376999999999967,0,0,1,1,1,4
TA-AC0729,Tamil Nadu,Rural,DMK,92.5,24.9014,22.153,DMK,95.0,29.4019,6.2506,DMK,95.0,29.4019,0.0,2.5,0.0,4.500500000000002,0.0,0,0,1,2,3,6
KE-AC0730,Kerala,Rural,UDF,72.7,-9.0309,-17.5349,BJP,71.44,-11.2917,-3.14,UDF,72.7,-9.0282,3.1437,-1.2600000000000051,1.2600000000000051,-2.2607999999999997,2.2635000000000005,1,1,0,2,1,4
WE-AC0731,West Bengal,Rural,TMC,84.24,5.9502,-1.3802,BJP,79.9,-1.8635,-10.8524,INC,78.82,-3.8164,-2.7124,-4.339999999999989,-1.0800000000000125,-7.8137,-1.9528999999999999,1,1,0,2,4,4
WE-AC0732,West Bengal,Semi-Urban,TMC,69.41,11.2616,9.4851,INC,62.58,-1.0378,-17.0825,CPIM,64.42,2.2853,4.6154,-6.829999999999998,1.8400000000000034,-12.2994,3.3231,1,1,0,1,4,7
WE-AC0733,West Bengal,Semi-Urban,INC,77.93,21.7057,14.3259,INC,80.26,25.901,5.8268,INC,78.46,22.6561,-4.5068,2.3299999999999983,-1.8000000000000114,4.1953,-3.2449000000000012,0,0,1,1,4,7
WE-AC0734,West Bengal,Urban,TMC,55.9,-3.1932,-6.5904,CPIM,53.61,-7.3267,-5.741,CPIM,55.75,-3.4645,5.3641,-2.289999999999999,2.1400000000000006,-4.1335,3.8621999999999996,1,0,0,0,4,5
KE-AC0735,Kerala,Urban,BJP,65.27,1.469,-3.734,LDF,63.59,-1.555,-4.1999,BJP,62.42,-3.658,-2.9208,-1.6799999999999926,-1.1700000000000017,-3.024,-2.1029999999999998,1,1,0,0,1,8
KE-AC0736,Kerala,Rural,LDF,83.45,21.2043,9.8995,LDF,78.56,12.4046,-12.2218,LDF,80.24,15.4265,4.1971,-4.890000000000001,1.6799999999999926,-8.7997,3.0219000000000005,0,0,1,2,1,8
PU-AC0737,Puducherry,Urban,DMK,57.61,2.1697,-0.1087,INC,58.16,3.1586,1.3735,INC,69.83,24.1694,29.1817,0.5499999999999972,11.670000000000002,0.9888999999999997,21.0108,1,0,1,0,2,7
WE-AC0738,West Bengal,Rural,BJP,79.6,4.7646,0.1603,BJP,82.78,10.4857,7.946,BJP,86.68,17.4958,9.7362,3.180000000000007,3.9000000000000057,5.7211,7.0100999999999996,0,0,1,2,4,4
PU-AC0739,Puducherry,Rural,BJP,84.99,16.8996,9.5443,BJP,79.05,6.2035,-14.8558,BJP,85.68,18.1423,16.5817,-5.939999999999998,6.63000000000001,-10.6961,11.938799999999999,0,0,1,2,2,4
AS-AC0740,Assam,Semi-Urban,INC,70.42,1.5835,-8.0561,INC,75.32,10.4118,12.2616,AGP,72.17,4.7459,-7.8693,4.8999999999999915,-3.1499999999999915,8.828299999999999,-5.6659,0,1,0,1,0,7
AS-AC0741,Assam,Rural,INC,76.88,5.527,-5.7686,INC,76.9,5.5683,0.0574,INC,80.12,11.3483,8.0278,0.020000000000010232,3.219999999999999,0.04129999999999967,5.78,0,0,1,2,0,7
AS-AC0742,Assam,Rural,AGP,67.38,-2.0921,-7.4893,INC,63.46,-9.1385,-9.7866,AGP,67.49,-1.8934,10.0626,-3.9199999999999946,4.029999999999994,-7.0464,7.245100000000001,1,1,0,2,0,7
KE-AC0743,Kerala,Rural,LDF,84.66,7.7874,6.2008,BJP,82.32,3.5689,-5.8591,LDF,80.92,1.0578,-3.4876,-2.3400000000000034,-1.3999999999999915,-4.2185,-2.5111,1,1,0,2,1,4
WE-AC0744,West Bengal,Rural,CPIM,75.3,34.2367,20.6221,CPIM,78.32,39.6614,7.5343,CPIM,76.03,35.5475,-5.7137,3.019999999999996,-2.289999999999992,5.424700000000001,-4.113900000000001,0,0,1,2,4,5
KE-AC0745,Kerala,Urban,INC,59.89,1.4834,-7.7277,LDF,60.55,2.6584,1.632,LDF,58.87,-0.3529,-4.1823,0.6599999999999966,-1.6799999999999997,1.1749999999999998,-3.0113,1,0,0,0,1,8
TA-AC0746,Tamil Nadu,Urban,INC,55.53,-1.1723,-19.211,INC,60.25,7.3371,11.8186,INC,62.82,11.961,6.4221,4.719999999999999,2.5700000000000003,8.5094,4.6239,0,0,1,0,3,7
TA-AC0747,Tamil Nadu,Semi-Urban,DMK,82.0,15.4024,18.3482,DMK,79.06,10.1099,-7.3507,DMK,85.72,22.1124,16.6701,-2.9399999999999977,6.659999999999997,-5.2925,12.002500000000001,0,0,1,1,3,6
PU-AC0748,Puducherry,Rural,BJP,77.82,10.3727,12.0258,BJP,78.54,11.6681,1.7991,BJP,81.89,17.7005,8.3783,0.7200000000000131,3.3499999999999943,1.2954000000000008,6.032400000000001,0,0,1,2,2,4
TA-AC0749,Tamil Nadu,Rural,INC,85.69,15.7147,14.5633,INC,84.49,13.5523,-3.0033,INC,86.53,17.2263,5.1028,-1.2000000000000028,2.0400000000000063,-2.1624,3.6739999999999977,0,0,1,2,3,7
AS-AC0750,Assam,Semi-Urban,INC,77.79,6.2409,4.2389,AIUDF,73.93,-0.7127,-9.6578,INC,71.77,-4.5904,-5.3857,-3.8599999999999994,-2.160000000000011,-6.9536,-3.8777,1,1,0,1,0,3
TA-AC0751,Tamil Nadu,Rural,DMK,73.38,19.8248,8.4849,DMK,71.6,16.6348,-4.4305,DMK,76.49,25.422,12.2045,-1.7800000000000011,4.890000000000001,-3.1900000000000013,8.787200000000002,0,0,1,2,3,6
AS-AC0752,Assam,Rural,BJP,78.56,17.5194,4.6245,BJP,77.11,14.9073,-3.6279,BJP,73.63,8.6521,-8.6878,-1.4500000000000028,-3.480000000000004,-2.6121000000000016,-6.2551999999999985,0,0,1,2,0,4
KE-AC0753,Kerala,Urban,LDF,58.22,14.7376,7.2414,LDF,63.38,24.0311,12.9076,LDF,73.73,42.664,25.8791,5.160000000000004,10.350000000000001,9.293499999999998,18.632900000000003,0,0,1,0,1,8
KE-AC0754,Kerala,Semi-Urban,UDF,73.19,-6.2662,-10.9311,UDF,75.63,-1.8754,6.0983,INC,67.31,-16.8488,-20.7963,2.4399999999999977,-8.319999999999993,4.3908000000000005,-14.973400000000002,0,1,0,1,1,10
TA-AC0755,Tamil Nadu,Semi-Urban,AIADMK,81.76,17.2319,4.1583,AIADMK,76.89,8.4702,-12.169,AIADMK,82.34,18.2865,13.6338,-4.8700000000000045,5.450000000000003,-8.7617,9.8163,0,0,1,1,3,1
WE-AC0756,West Bengal,Rural,TMC,82.14,24.6555,13.9265,TMC,80.6,21.8832,-3.8504,TMC,73.12,8.4336,-18.68,-1.5400000000000063,-7.47999999999999,-2.7723000000000013,-13.449599999999998,0,0,1,2,4,9
AS-AC0757,Assam,Rural,AGP,84.6,12.8801,2.788,AGP,83.76,11.3777,-2.0867,AGP,82.51,9.1265,-3.1267,-0.8399999999999892,-1.25,-1.5023999999999997,-2.2512000000000008,0,0,1,2,0,0
TA-AC0758,Tamil Nadu,Semi-Urban,BJP,67.21,2.5307,-1.6982,DMK,61.21,-8.2727,-15.0047,BJP,59.82,-10.769,-3.4671,-5.999999999999993,-1.3900000000000006,-10.8034,-2.4962999999999997,1,1,0,1,3,6
KE-AC0759,Kerala,Rural,UDF,78.46,2.658,-4.8377,UDF,82.97,10.7915,11.2965,UDF,83.6,11.921,1.5688,4.510000000000005,0.6299999999999955,8.1335,1.1295000000000002,0,0,1,2,1,10
KE-AC0760,Kerala,Semi-Urban,INC,65.27,-2.2184,-4.5127,UDF,67.89,2.494,6.5451,INC,68.26,3.1647,0.9316,2.6200000000000045,0.37000000000000455,4.712400000000001,0.6706999999999996,1,1,0,1,1,10
WE-AC0761,West Bengal,Rural,TMC,87.66,26.7303,11.9719,TMC,89.45,29.9486,4.4698,TMC,92.11,34.7408,6.6558,1.7900000000000063,2.6599999999999966,3.2182999999999993,4.792200000000001,0,0,1,2,4,9
AS-AC0762,Assam,Rural,AIUDF,76.18,20.0435,-10.1497,AIUDF,71.33,11.3169,-12.1202,AIUDF,72.63,13.6566,3.2496,-4.8500000000000085,1.2999999999999972,-8.726600000000001,2.339699999999999,0,0,1,2,0,3
WE-AC0763,West Bengal,Urban,TMC,65.05,14.4959,8.5125,TMC,65.63,15.5455,1.4578,TMC,63.04,10.8761,-6.4853,0.5799999999999983,-2.5899999999999963,1.0495999999999999,-4.669400000000001,0,0,1,0,4,9
TA-AC0764,Tamil Nadu,Rural,AIADMK,80.95,15.1239,-3.0547,AIADMK,77.97,9.7616,-7.4476,AIADMK,76.65,7.3829,-3.3038,-2.980000000000004,-1.3199999999999932,-5.362300000000001,-2.3786999999999994,0,0,1,2,3,1
AS-AC0765,Assam,Rural,BJP,81.41,-5.0164,-8.9817,AIUDF,82.45,-3.1385,2.6082,BJP,82.35,-3.3173,-0.2483,1.0400000000000063,-0.10000000000000853,1.8779,-0.17879999999999985,1,1,0,2,0,3
WE-AC0766,West Bengal,Rural,BJP,70.45,-5.8388,-15.3664,CPIM,71.22,-4.4416,1.9406,TMC,75.59,3.4238,10.9242,0.769999999999996,4.3700000000000045,1.3971999999999998,7.8654,1,1,0,2,4,5
PU-AC0767,Puducherry,Rural,AINRC,69.87,-0.1534,-2.7485,INC,69.68,-0.4865,-0.4626,AINRC,70.14,0.335,1.141,-0.18999999999999773,0.45999999999999375,-0.33309999999999995,0.8215,1,1,0,2,2,7
KE-AC0768,Kerala,Rural,INC,74.13,10.6016,-21.8643,INC,76.44,14.7646,5.7819,INC,78.54,18.5388,5.242,2.3100000000000023,2.1000000000000085,4.163,3.7741999999999987,0,0,1,2,1,7
PU-AC0769,Puducherry,Rural,AINRC,79.11,-1.5672,-4.1908,AINRC,79.26,-1.284,0.3934,AINRC,84.84,8.7468,13.9317,0.15000000000000568,5.579999999999998,0.2831999999999999,10.030800000000001,0,0,1,2,2,2
WE-AC0770,West Bengal,Rural,CPIM,84.89,5.4747,5.5282,BJP,81.59,-0.4774,-8.2668,BJP,84.67,5.0673,7.701,-3.299999999999997,3.0799999999999983,-5.952100000000001,5.544700000000001,1,0,1,2,4,4
AS-AC0771,Assam,Semi-Urban,BJP,74.0,19.6203,-4.5364,BJP,67.7,8.2854,-15.743,INC,63.7,1.0811,-10.006,-6.299999999999997,-4.0,-11.334900000000001,-7.204299999999999,0,1,0,1,0,4
KE-AC0772,Kerala,Rural,LDF,76.12,8.4811,3.7709,LDF,74.7,5.9243,-3.5512,UDF,69.5,-3.4331,-12.9964,-1.4200000000000017,-5.200000000000003,-2.5568,-9.3574,0,1,0,2,1,8
AS-AC0773,Assam,Urban,AGP,61.55,-1.592,-14.7646,INC,63.38,1.6948,4.565,BJP,62.38,-0.1092,-2.5056,1.8300000000000054,-1.0,3.2868000000000004,-1.804,1,1,0,0,0,7
KE-AC0774,Kerala,Semi-Urban,INC,65.98,-0.5788,-6.2579,LDF,62.05,-7.6461,-9.8157,BJP,66.61,0.5703,11.4117,-3.930000000000007,4.560000000000002,-7.0672999999999995,8.2164,1,1,0,1,1,8
WE-AC0775,West Bengal,Urban,CPIM,58.94,10.9958,11.5027,CPIM,58.12,9.5178,-2.0528,CPIM,62.6,17.5714,11.1855,-0.8200000000000003,4.480000000000004,-1.4779999999999998,8.053600000000001,0,0,1,0,4,5
TA-AC0776,Tamil Nadu,Urban,BJP,61.03,28.5863,6.446,BJP,59.5,25.8326,-3.8245,BJP,51.6,11.6057,-19.7596,-1.5300000000000011,-7.899999999999999,-2.753700000000002,-14.226899999999999,0,0,1,0,3,4
AS-AC0777,Assam,Rural,AIUDF,75.41,13.7038,-11.9041,AIUDF,79.11,20.3708,9.2598,AIUDF,78.75,19.7151,-0.9108,3.700000000000003,-0.35999999999999943,6.667,-0.6556999999999995,0,0,1,2,0,3
TA-AC0778,Tamil Nadu,Rural,INC,86.32,26.8072,14.0892,INC,94.33,41.2281,20.0291,INC,93.52,39.7577,-2.0422,8.010000000000005,-0.8100000000000023,14.420899999999996,-1.470399999999998,0,0,1,2,3,7
KE-AC0779,Kerala,Urban,BJP,65.53,34.0693,3.5954,BJP,55.11,15.318,-26.0435,BJP,53.01,11.5347,-5.2546,-10.420000000000002,-2.1000000000000014,-18.7513,-3.7832999999999988,0,0,1,0,1,4
AS-AC0780,Assam,Urban,INC,55.58,4.7481,-5.4101,INC,58.61,10.1889,7.5567,INC,57.72,8.5913,-2.2189,3.030000000000001,-0.8900000000000006,5.4408,-1.5976,0,0,1,0,0,7
AS-AC0781,Assam,Semi-Urban,AGP,72.37,7.5501,-2.7653,AGP,72.91,8.5236,1.3521,AGP,77.05,15.9653,10.3356,0.539999999999992,4.140000000000001,0.9735000000000005,7.441699999999999,0,0,1,1,0,0
AS-AC0782,Assam,Rural,AGP,85.14,5.4302,4.23,AGP,85.79,6.6008,1.6258,AGP,94.44,22.1616,21.6122,0.6500000000000057,8.649999999999991,1.1705999999999994,15.5608,0,0,1,2,0,0
KE-AC0783,Kerala,Rural,LDF,78.06,-0.4038,-6.0029,LDF,83.56,9.4912,13.7431,UDF,81.05,4.9794,-6.2664,5.5,-2.510000000000005,9.895,-4.511799999999999,0,1,0,2,1,8
PU-AC0784,Puducherry,Urban,BJP,59.44,17.2661,-3.9632,BJP,56.77,12.46,-6.6752,BJP,59.79,17.8927,7.5454,-2.6699999999999946,3.019999999999996,-4.806100000000001,5.4327000000000005,0,0,1,0,2,4
KE-AC0785,Kerala,Rural,LDF,84.8,10.6958,8.2423,BJP,78.19,-1.1993,-16.521,UDF,75.44,-6.1572,-6.8859,-6.609999999999999,-2.75,-11.8951,-4.9578999999999995,1,1,0,2,1,4
WE-AC0786,West Bengal,Semi-Urban,BJP,77.86,-3.4909,-7.1111,BJP,74.1,-10.2451,-9.3809,CPIM,73.28,-11.738,-2.0734,-3.760000000000005,-0.8199999999999932,-6.754200000000001,-1.4928999999999988,0,1,0,1,4,4
WE-AC0787,West Bengal,Rural,BJP,86.28,-1.6113,-4.0667,CPIM,88.33,2.0735,5.1178,CPIM,90.8,6.5283,6.1873,2.049999999999997,2.469999999999999,3.6848,4.4548,1,0,1,2,4,5
WE-AC0788,West Bengal,Semi-Urban,CPIM,74.63,8.1706,2.8902,BJP,72.11,3.6326,-6.3028,CPIM,65.08,-9.0254,-17.5806,-2.519999999999996,-7.030000000000001,-4.538,-12.658,1,1,0,1,4,4
PU-AC0789,Puducherry,Semi-Urban,INC,64.93,14.7566,-7.845,INC,72.12,27.7112,17.9925,INC,75.56,33.8952,8.5889,7.189999999999998,3.4399999999999977,12.954600000000001,6.184000000000001,0,0,1,1,2,7
WE-AC0790,West Bengal,Urban,INC,62.54,1.7765,-4.1761,TMC,59.8,-3.1573,-6.8525,TMC,64.69,5.655,12.2393,-2.740000000000002,4.890000000000001,-4.9338,8.8123,1,0,1,0,4,9
AS-AC0791,Assam,Rural,BJP,77.27,-4.2289,-11.381,BJP,80.27,1.1729,7.5025,AGP,76.87,-4.945,-8.497,3.0,-3.3999999999999915,5.401800000000001,-6.117900000000001,0,1,0,2,0,4
PU-AC0792,Puducherry,Urban,INC,71.4,19.481,14.4351,INC,68.97,15.1027,-6.081,INC,72.09,20.722,7.8045,-2.430000000000007,3.1200000000000045,-4.378300000000001,5.619300000000001,0,0,1,0,2,7
AS-AC0793,Assam,Semi-Urban,AIUDF,68.81,11.4525,-15.4787,AIUDF,67.28,8.699,-3.8243,AIUDF,67.3,8.732,0.0458,-1.5300000000000011,0.01999999999999602,-2.7535000000000007,0.032999999999999474,0,0,1,1,0,3
WE-AC0794,West Bengal,Rural,TMC,85.67,19.593,6.1724,TMC,85.04,18.4592,-1.5747,TMC,80.66,10.5769,-10.9477,-0.6299999999999955,-4.38000000000001,-1.1338000000000008,-7.882299999999999,0,0,1,2,4,9
KE-AC0795,Kerala,Rural,UDF,71.65,-5.0315,-17.3963,LDF,71.19,-5.8547,-1.1433,INC,75.14,1.2599,9.8814,-0.46000000000000796,3.950000000000003,-0.8231999999999999,7.1146,1,1,0,2,1,8
TA-AC0796,Tamil Nadu,Rural,BJP,86.19,-1.8744,-9.4499,AIADMK,78.24,-16.1802,-19.8692,BJP,75.79,-20.586,-6.1192,-7.950000000000003,-2.4499999999999886,-14.3058,-4.405799999999999,1,1,0,2,3,1
WE-AC0797,West Bengal,Urban,CPIM,62.87,-3.1553,-5.8716,CPIM,63.65,-1.7555,1.9441,CPIM,67.75,5.6164,10.2387,0.7800000000000011,4.100000000000001,1.3998,7.3719,0,0,1,0,4,5
PU-AC0798,Puducherry,Rural,BJP,92.09,12.853,15.4032,BJP,89.88,8.8701,-5.5318,BJP,88.86,7.0416,-2.5395,-2.210000000000008,-1.019999999999996,-3.982899999999999,-1.828500000000001,0,0,1,2,2,4
AS-AC0799,Assam,Rural,AIUDF,78.86,8.1526,-1.8656,AIUDF,82.51,14.7108,9.1086,AIUDF,80.57,11.224,-4.8427,3.6500000000000057,-1.940000000000012,6.558200000000001,-3.4868000000000006,0,0,1,2,0,3
WE-AC0800,West Bengal,Semi-Urban,CPIM,63.37,14.6938,-19.7377,CPIM,64.78,17.2379,3.5335,CPIM,73.05,32.1231,20.6738,1.4100000000000037,8.269999999999996,2.5441000000000003,14.885200000000001,0,0,1,1,4,5
PU-AC0801,Puducherry,Semi-Urban,INC,64.13,11.3266,-3.7858,INC,67.73,17.797,8.9867,INC,67.88,18.0684,0.377,3.6000000000000085,0.14999999999999147,6.4704000000000015,0.27139999999999986,0,0,1,1,2,7
TA-AC0802,Tamil Nadu,Rural,AIADMK,79.82,5.2595,-3.8273,AIADMK,85.83,16.0718,15.017,AIADMK,85.65,15.7625,-0.4296,6.010000000000005,-0.1799999999999926,10.8123,-0.30930000000000035,0,0,1,2,3,1
WE-AC0803,West Bengal,Urban,BJP,52.58,-2.5813,-11.8384,INC,52.24,-3.1923,-0.8486,INC,52.94,-1.9409,1.738,-0.3399999999999963,0.6999999999999957,-0.6109999999999998,1.2513999999999998,1,0,0,0,4,7
TA-AC0804,Tamil Nadu,Semi-Urban,AIADMK,79.27,13.1237,7.4189,AIADMK,77.74,10.3706,-3.8238,AIADMK,86.18,25.5468,21.078,-1.5300000000000011,8.440000000000012,-2.7531,15.176200000000001,0,0,1,1,3,1
WE-AC0805,West Bengal,Rural,TMC,78.92,17.8471,7.0703,TMC,87.25,32.857,20.8471,TMC,83.22,25.6,-10.0791,8.329999999999998,-4.030000000000001,15.009899999999998,-7.256999999999998,0,0,1,2,4,9
AS-AC0806,Assam,Semi-Urban,AGP,72.57,9.865,5.4287,AGP,72.87,10.404,0.7486,AGP,78.15,19.898,13.1862,0.30000000000001137,5.280000000000001,0.5389999999999997,9.494,0,0,1,1,0,0
WE-AC0807,West Bengal,Rural,INC,83.23,22.2249,15.6818,INC,89.03,32.649,14.478,INC,92.78,39.4072,9.3864,5.799999999999997,3.75,10.4241,6.758200000000002,0,0,1,2,4,7
PU-AC0808,Puducherry,Semi-Urban,DMK,62.41,16.3034,-2.955,DMK,61.98,15.5364,-1.0653,INC,55.51,3.8756,-16.1956,-0.4299999999999997,-6.469999999999999,-0.7669999999999995,-11.6608,0,1,0,1,2,6
KE-AC0809,Kerala,Rural,LDF,85.27,47.7184,20.5849,LDF,78.71,35.9058,-16.4063,LDF,74.88,29.0171,-9.5677,-6.560000000000002,-3.8299999999999983,-11.812600000000003,-6.8887,0,0,1,2,1,8
PU-AC0810,Puducherry,Rural,AINRC,58.12,-11.3437,-18.8837,BJP,52.9,-20.7423,-13.0536,DMK,52.44,-21.5723,-1.1528,-5.219999999999999,-0.46000000000000085,-9.3986,-0.8299999999999983,1,1,0,2,2,4
KE-AC0811,Kerala,Rural,BJP,73.49,2.2688,0.2011,INC,74.2,3.5621,1.7962,INC,79.58,13.2472,13.4515,0.710000000000008,5.3799999999999955,1.2933,9.685099999999998,1,0,1,2,1,7
TA-AC0812,Tamil Nadu,Rural,BJP,85.77,7.9517,3.2403,BJP,85.43,7.3431,-0.8452,BJP,77.92,-6.1713,-18.7699,-0.3399999999999892,-7.510000000000005,-0.6086,-13.514399999999998,0,0,0,2,3,4
AS-AC0813,Assam,Rural,AIUDF,72.99,1.0648,-1.6826,AIUDF,73.26,1.5571,0.6837,BJP,66.27,-11.0175,-17.4647,0.27000000000001023,-6.990000000000009,0.49229999999999996,-12.5746,0,1,0,2,0,3
WE-AC0814,West Bengal,Urban,BJP,61.06,5.3031,-2.6699,BJP,60.84,4.9048,-0.5531,BJP,62.55,7.9797,4.2706,-0.21999999999999886,1.7099999999999937,-0.3982999999999999,3.0749000000000004,0,0,1,0,4,4
AS-AC0815,Assam,Semi-Urban,BJP,73.93,5.7894,6.1279,BJP,73.82,5.6058,-0.2549,AIUDF,72.96,4.0423,-2.1716,-0.11000000000001364,-0.8599999999999994,-0.18359999999999932,-1.5635000000000003,0,1,0,1,0,4
AS-AC0816,Assam,Rural,AGP,86.06,16.8443,2.988,AGP,82.97,11.2754,-7.7346,AGP,90.56,24.9463,18.9873,-3.0900000000000034,7.590000000000003,-5.568900000000001,13.670900000000001,0,0,1,2,0,0
AS-AC0817,Assam,Rural,BJP,85.88,19.2261,3.9805,BJP,87.45,22.0671,3.9458,BJP,85.75,19.0017,-4.2576,1.5700000000000074,-1.7000000000000028,2.841000000000001,-3.0654000000000003,0,0,1,2,0,4
KE-AC0818,Kerala,Urban,INC,63.14,5.9816,6.4203,LDF,60.63,1.464,-6.2744,LDF,60.93,1.99,0.7306,-2.509999999999998,0.29999999999999716,-4.5176,0.526,1,0,0,0,1,8
WE-AC0819,West Bengal,Urban,BJP,60.7,-2.9349,-10.3373,CPIM,59.42,-5.2396,-3.201,CPIM,49.8,-22.5561,-24.0507,-1.2800000000000011,-9.620000000000005,-2.3047000000000004,-17.3165,1,0,0,0,4,5
TA-AC0820,Tamil Nadu,Urban,INC,65.52,15.4889,18.8963,INC,63.87,12.5329,-4.1056,INC,64.45,13.5787,1.4524,-1.6499999999999986,0.5800000000000054,-2.9559999999999995,1.0457999999999998,0,0,1,0,3,7
WE-AC0821,West Bengal,Rural,BJP,82.42,28.9696,2.5509,BJP,74.53,14.7593,-19.7366,BJP,77.25,19.6599,6.8064,-7.890000000000001,2.719999999999999,-14.2103,4.900600000000001,0,0,1,2,4,4
WE-AC0822,West Bengal,Urban,BJP,74.6,17.265,17.82,BJP,75.77,19.3694,2.9228,BJP,78.79,24.8066,7.5516,1.1700000000000017,3.0200000000000102,2.1043999999999983,5.437200000000001,0,0,1,0,4,4
TA-AC0823,Tamil Nadu,Semi-Urban,AIADMK,68.45,8.0843,9.0093,AIADMK,74.4,18.7902,14.8693,AIADMK,69.97,10.8249,-11.063,5.950000000000003,-4.430000000000007,10.705899999999998,-7.965299999999999,0,0,1,1,3,1
KE-AC0824,Kerala,Rural,BJP,65.52,9.1135,-5.0945,BJP,64.74,7.7173,-1.9391,BJP,60.09,-0.6511,-11.6227,-0.7800000000000011,-4.6499999999999915,-1.3962000000000003,-8.3684,0,0,0,2,1,4
AS-AC0825,Assam,Urban,INC,66.25,24.9242,19.744,INC,60.02,13.7061,-15.5807,INC,71.35,34.1073,28.335,-6.229999999999997,11.329999999999991,-11.2181,20.401200000000003,0,0,1,0,0,7
KE-AC0826,Kerala,Urban,BJP,62.14,-3.0808,-8.3609,LDF,63.38,-0.8631,3.0801,BJP,58.16,-10.2436,-13.0284,1.240000000000002,-5.220000000000006,2.2177,-9.380500000000001,1,1,0,0,1,8
PU-AC0827,Puducherry,Urban,INC,68.59,2.3532,0.3552,AINRC,64.85,-4.3782,-9.3492,AINRC,57.38,-17.828,-18.6802,-3.740000000000009,-7.469999999999992,-6.7314,-13.4498,1,0,0,0,2,2
PU-AC0828,Puducherry,Rural,AINRC,80.91,10.4815,4.4324,AINRC,80.9,10.4469,-0.0481,AINRC,78.52,6.1718,-5.9376,-0.009999999999990905,-2.3800000000000097,-0.034600000000001074,-4.275099999999999,0,0,1,2,2,2
WE-AC0829,West Bengal,Rural,TMC,80.52,5.5076,-2.3823,BJP,78.88,2.5519,-4.1052,BJP,86.16,15.648,18.189,-1.6400000000000006,7.280000000000001,-2.9557,13.0961,1,0,1,2,4,4
WE-AC0830,West Bengal,Rural,BJP,80.14,9.5847,-1.2369,CPIM,76.25,2.5821,-9.7258,CPIM,76.4,2.8426,0.3618,-3.8900000000000006,0.15000000000000568,-7.002599999999999,0.26049999999999995,1,0,0,2,4,5
KE-AC0831,Kerala,Rural,LDF,71.18,-3.1151,-8.9265,BJP,69.48,-6.189,-4.2693,LDF,65.29,-13.7238,-10.465,-1.7000000000000028,-4.189999999999998,-3.0739,-7.534800000000001,1,1,0,2,1,4
TA-AC0832,Tamil Nadu,Semi-Urban,AIADMK,86.27,10.1647,12.4565,AIADMK,88.53,14.2336,5.6512,AIADMK,87.29,11.9964,-3.1073,2.260000000000005,-1.2399999999999949,4.068899999999999,-2.2371999999999996,0,0,1,1,3,1
PU-AC0833,Puducherry,Urban,AINRC,77.14,16.9166,20.5772,AINRC,80.26,22.5171,7.7785,AINRC,82.63,26.7975,5.945,3.1200000000000045,2.3699999999999903,5.6005,4.2804,0,0,1,0,2,2
KE-AC0834,Kerala,Urban,BJP,61.24,1.5914,-4.2003,INC,53.62,-12.1223,-19.0467,BJP,59.4,-1.7225,14.4441,-7.6200000000000045,5.780000000000001,-13.7137,10.399799999999999,1,1,0,0,1,7
TA-AC0835,Tamil Nadu,Rural,INC,66.69,3.8779,-8.9414,BJP,58.97,-10.0165,-19.2978,DMK,59.61,-8.8678,1.5954,-7.719999999999999,0.6400000000000006,-13.894400000000001,1.1486999999999998,1,1,0,2,3,4
WE-AC0836,West Bengal,Urban,INC,60.06,9.8186,6.2761,TMC,56.43,3.2896,-9.0681,TMC,62.72,14.6102,15.7231,-3.6300000000000026,6.289999999999999,-6.529,11.3206,1,0,1,0,4,9
AS-AC0837,Assam,Rural,AIUDF,84.27,10.1713,6.4597,AIUDF,81.88,5.8562,-5.9932,AGP,79.73,1.9871,-5.3738,-2.3900000000000006,-2.1499999999999915,-4.3151,-3.8691000000000004,0,1,0,2,0,3
WE-AC0838,West Bengal,Semi-Urban,TMC,65.92,4.1333,-6.9772,BJP,63.31,-0.5716,-6.5346,BJP,61.76,-3.3547,-3.8654,-2.6099999999999994,-1.5500000000000043,-4.7049,-2.7830999999999997,1,0,0,1,4,4
KE-AC0839,Kerala,Semi-Urban,BJP,76.69,18.6245,4.554,BJP,74.09,13.9575,-6.4819,BJP,76.13,17.6232,5.0913,-2.5999999999999943,2.039999999999992,-4.667000000000002,3.665700000000001,0,0,1,1,1,4
PU-AC0840,Puducherry,Semi-Urban,INC,79.96,0.4522,-4.5776,BJP,76.31,-6.1184,-9.1258,INC,76.29,-6.1631,-0.062,-3.6499999999999915,-0.01999999999999602,-6.570600000000001,-0.04469999999999974,1,1,0,1,2,4
KE-AC0841,Kerala,Semi-Urban,BJP,78.04,23.1475,10.7787,BJP,82.32,30.8522,10.701,BJP,82.99,32.053,1.6678,4.279999999999987,0.6700000000000017,7.704699999999999,1.2007999999999974,0,0,1,1,1,4
WE-AC0842,West Bengal,Rural,BJP,69.41,2.8536,-10.76,CPIM,69.63,3.2498,0.5503,BJP,68.35,0.9468,-3.1986,0.21999999999999886,-1.2800000000000011,0.3961999999999999,-2.303,1,1,0,2,4,5
WE-AC0843,West Bengal,Semi-Urban,TMC,59.35,1.6274,-6.7488,TMC,58.62,0.3045,-1.8373,BJP,54.22,-7.601,-10.9799,-0.730000000000004,-4.399999999999999,-1.3229,-7.9055,0,1,0,1,4,9
WE-AC0844,West Bengal,Semi-Urban,TMC,69.63,12.1771,5.2427,TMC,66.14,5.9061,-8.7097,TMC,63.37,0.9226,-6.9215,-3.489999999999995,-2.770000000000003,-6.270999999999999,-4.9835,0,0,0,1,4,9
WE-AC0845,West Bengal,Urban,CPIM,72.49,38.7409,19.9089,CPIM,73.15,39.915,1.6307,CPIM,68.9,32.2649,-10.6251,0.6600000000000108,-4.25,1.1740999999999957,-7.650100000000002,0,0,1,0,4,5
TA-AC0846,Tamil Nadu,Rural,AIADMK,74.66,8.1601,-6.3678,AIADMK,76.92,12.228,5.6499,AIADMK,76.89,12.1738,-0.0753,2.260000000000005,-0.030000000000001137,4.0679,-0.054199999999999804,0,0,1,2,3,1
AS-AC0847,Assam,Rural,AGP,86.79,14.6112,6.9897,AGP,91.53,23.1426,11.8491,AGP,87.77,16.3768,-9.397,4.739999999999995,-3.760000000000005,8.531400000000001,-6.765800000000002,0,0,1,2,0,0
TA-AC0848,Tamil Nadu,Rural,BJP,93.95,16.3029,17.9167,BJP,95.0,18.1857,2.615,BJP,95.0,18.1857,0.0,1.0499999999999972,0.0,1.8827999999999996,0.0,0,0,1,2,3,4
PU-AC0849,Puducherry,Urban,BJP,55.83,2.3288,-15.4443,BJP,57.8,5.8776,4.9288,BJP,61.13,11.8795,8.336,1.9699999999999989,3.3300000000000054,3.5488,6.0019,0,0,1,0,2,4
TA-AC0850,Tamil Nadu,Semi-Urban,DMK,73.91,9.3,-3.8049,DMK,72.17,6.1676,-4.3505,DMK,77.93,16.5379,14.4032,-1.7399999999999949,5.760000000000005,-3.1324000000000005,10.3703,0,0,1,1,3,6
WE-AC0851,West Bengal,Rural,CPIM,81.4,1.4072,-5.2769,CPIM,82.43,3.2573,2.5696,TMC,82.9,4.1039,1.1758,1.0300000000000011,0.46999999999999886,1.8500999999999999,0.8466000000000005,0,1,0,2,4,5
PU-AC0852,Puducherry,Rural,INC,74.67,1.7363,-13.7551,INC,80.14,11.5865,13.6808,INC,80.65,12.493,1.259,5.469999999999999,0.5100000000000051,9.8502,0.9065000000000012,0,0,1,2,2,7
WE-AC0853,West Bengal,Rural,INC,67.48,3.6267,-11.0305,CPIM,65.37,-0.1606,-5.2601,CPIM,68.48,5.4267,7.7602,-2.1099999999999994,3.1099999999999994,-3.7873,5.5873,1,0,1,2,4,5
AS-AC0854,Assam,Rural,AIUDF,79.06,30.1955,10.5919,AIUDF,73.43,20.0638,-14.0718,AIUDF,71.64,16.8395,-4.4781,-5.6299999999999955,-1.7900000000000063,-10.131699999999999,-3.2242999999999995,0,0,1,2,0,3
KE-AC0855,Kerala,Rural,UDF,81.5,17.0101,16.2326,UDF,89.47,31.348,19.9137,UDF,91.04,34.177,3.9291,7.969999999999999,1.5700000000000074,14.337899999999998,2.8290000000000006,0,0,1,2,1,10
PU-AC0856,Puducherry,Rural,INC,85.51,7.9822,7.5374,INC,89.26,14.741,9.3872,INC,84.37,5.9344,-12.2314,3.75,-4.890000000000001,6.7588,-8.8066,0,0,1,2,2,7
WE-AC0857,West Bengal,Semi-Urban,BJP,74.09,15.763,2.2976,BJP,75.77,18.7889,4.2027,BJP,76.97,20.9464,2.9965,1.6799999999999926,1.2000000000000028,3.025900000000002,2.157499999999999,0,0,1,1,4,4
KE-AC0858,Kerala,Rural,BJP,77.05,21.6211,-0.3316,BJP,75.16,18.2143,-4.7317,BJP,75.74,19.2646,1.4587,-1.8900000000000006,0.5799999999999983,-3.406799999999997,1.0503,0,0,1,2,1,4
WE-AC0859,West Bengal,Urban,CPIM,59.94,12.1076,2.7304,CPIM,56.52,5.9526,-8.5486,CPIM,61.66,15.2031,12.848,-3.4199999999999946,5.1399999999999935,-6.154999999999999,9.250499999999999,0,0,1,0,4,5
AS-AC0860,Assam,Urban,INC,56.47,5.3791,-2.2438,AIUDF,54.36,1.5783,-5.2789,BJP,54.72,2.2149,0.8841,-2.1099999999999994,0.35999999999999943,-3.8008,0.6366,1,1,0,0,0,3
KE-AC0861,Kerala,Urban,LDF,61.33,-5.2328,-15.0653,LDF,53.47,-19.3848,-19.6556,UDF,51.12,-23.612,-5.8712,-7.859999999999999,-2.3500000000000014,-14.151999999999997,-4.2272,0,1,0,0,1,8
WE-AC0862,West Bengal,Rural,INC,72.83,-5.0946,-10.2373,TMC,69.97,-10.239,-7.145,CPIM,70.58,-9.1349,1.5334,-2.8599999999999994,0.6099999999999994,-5.144400000000001,1.1041000000000007,1,1,0,2,4,9
KE-AC0863,Kerala,Semi-Urban,BJP,71.22,15.6283,-0.7574,BJP,68.2,10.1912,-7.5515,BJP,70.15,13.6931,4.8637,-3.019999999999996,1.9500000000000028,-5.437099999999999,3.501899999999999,0,0,1,1,1,4
PU-AC0864,Puducherry,Rural,INC,80.81,3.8407,-12.1396,DMK,79.62,1.7032,-2.9687,DMK,84.32,10.1634,11.7502,-1.1899999999999977,4.699999999999989,-2.1375,8.460199999999999,1,0,1,2,2,6
KE-AC0865,Kerala,Semi-Urban,BJP,75.83,3.6404,0.2175,BJP,68.42,-9.7055,-18.536,BJP,69.23,-8.2499,2.0217,-7.409999999999997,0.8100000000000023,-13.3459,1.4556000000000004,0,0,0,1,1,4
AS-AC0866,Assam,Rural,AGP,75.3,3.7055,-0.3927,AGP,78.35,9.1895,7.6167,AGP,81.65,15.1364,8.2595,3.049999999999997,3.3000000000000114,5.484000000000001,5.946899999999999,0,0,1,2,0,0
WE-AC0867,West Bengal,Rural,INC,78.49,5.1699,4.2844,INC,79.33,6.6718,2.086,INC,83.2,13.6435,9.6829,0.8400000000000034,3.8700000000000045,1.5019,6.971699999999999,0,0,1,2,4,7
KE-AC0868,Kerala,Semi-Urban,UDF,72.5,4.7567,4.8385,INC,70.27,0.7283,-5.5951,INC,71.45,2.8559,2.955,-2.230000000000004,1.1800000000000068,-4.0284,2.1276,1,0,0,1,1,7
AS-AC0869,Assam,Rural,AGP,79.07,2.028,-2.2141,AIUDF,76.34,-2.8743,-6.8087,BJP,68.83,-16.3972,-18.7818,-2.7299999999999898,-7.510000000000005,-4.9023,-13.522900000000002,1,1,0,2,0,3
KE-AC0870,Kerala,Rural,UDF,78.04,-4.3226,-9.5625,INC,77.54,-5.2247,-1.2529,LDF,75.13,-9.5621,-6.0242,-0.5,-2.410000000000011,-0.9020999999999999,-4.337399999999999,1,1,0,2,1,7
TA-AC0871,Tamil Nadu,Urban,BJP,57.7,0.7244,-8.7119,INC,57.99,1.2439,0.7215,INC,60.94,6.5592,7.3824,0.28999999999999915,2.9499999999999957,0.5195,5.3153,1,0,1,0,3,7
WE-AC0872,West Bengal,Semi-Urban,CPIM,70.29,3.2357,-7.1806,BJP,67.94,-0.9969,-5.8786,INC,68.86,0.6635,2.3061,-2.3500000000000085,0.9200000000000017,-4.2326,1.6604,1,1,0,1,4,4
KE-AC0873,Kerala,Rural,LDF,75.55,12.2416,3.5487,LDF,72.08,5.9859,-8.6885,LDF,76.33,13.6451,10.6377,-3.469999999999999,4.25,-6.2557,7.659199999999999,0,0,1,2,1,8
AS-AC0874,Assam,Rural,INC,74.84,-3.9925,-10.3103,INC,78.13,1.9284,8.2235,INC,74.78,-4.0979,-8.3698,3.289999999999992,-3.3499999999999943,5.9209,-6.0263,0,0,0,2,0,7
AS-AC0875,Assam,Urban,AIUDF,59.58,7.743,-7.8663,AIUDF,59.66,7.8954,0.2117,AIUDF,61.13,10.5385,3.671,0.0799999999999983,1.470000000000006,0.1524000000000001,2.6431000000000004,0,0,1,0,0,3
WE-AC0876,West Bengal,Rural,INC,69.76,6.6432,-20.7583,INC,68.02,3.5106,-4.3508,INC,71.12,9.0762,7.73,-1.740000000000009,3.1000000000000085,-3.1326,5.5656,0,0,1,2,4,7
TA-AC0877,Tamil Nadu,Rural,INC,80.23,1.4069,0.2173,INC,68.9,-18.9858,-28.3232,BJP,73.54,-10.6367,11.596,-11.329999999999998,4.640000000000001,-20.3927,8.349100000000002,0,1,0,2,3,7
KE-AC0878,Kerala,Semi-Urban,UDF,82.15,25.7693,0.0338,UDF,76.27,15.1754,-14.7137,UDF,73.58,10.334,-6.7242,-5.88000000000001,-2.6899999999999977,-10.593900000000001,-4.8414,0,0,1,1,1,10
KE-AC0879,Kerala,Semi-Urban,INC,68.36,0.0176,-3.659,BJP,70.08,3.1148,4.3017,BJP,73.46,9.2063,8.4604,1.7199999999999989,3.3799999999999955,3.0972,6.091500000000001,1,0,1,1,1,4
PU-AC0880,Puducherry,Semi-Urban,BJP,67.03,13.9434,-3.4459,BJP,68.3,16.2191,3.1607,BJP,66.03,12.1438,-5.6601,1.269999999999996,-2.269999999999996,2.2757000000000005,-4.0753,0,0,1,1,2,4
KE-AC0881,Kerala,Urban,BJP,57.54,-3.2709,-9.1802,LDF,57.9,-2.6058,0.9238,BJP,51.65,-13.8711,-15.6462,0.35999999999999943,-6.25,0.6651000000000002,-11.2653,1,1,0,0,1,8
KE-AC0882,Kerala,Rural,INC,82.72,20.8337,6.1109,INC,84.55,24.1347,4.5848,INC,91.51,36.6602,17.3966,1.8299999999999983,6.960000000000008,3.3009999999999984,12.525500000000005,0,0,1,2,1,7
KE-AC0883,Kerala,Urban,UDF,47.07,5.8542,-11.9241,UDF,43.13,-1.2369,-9.8488,LDF,42.13,-3.0318,-2.4929,-3.9399999999999977,-1.0,-7.0911,-1.7949,0,1,0,0,1,10
WE-AC0884,West Bengal,Urban,INC,46.48,-3.6413,-8.016,TMC,49.62,2.0214,7.8649,CPIM,46.02,-4.4646,-9.0084,3.1400000000000006,-3.5999999999999943,5.6627,-6.486,1,1,0,0,4,9
KE-AC0885,Kerala,Semi-Urban,UDF,70.24,0.6976,-8.3984,UDF,72.94,5.5514,6.7414,UDF,70.94,1.9471,-5.006,2.700000000000003,-2.0,4.8538,-3.6043000000000003,0,0,0,1,1,10
PU-AC0886,Puducherry,Rural,BJP,82.69,11.6489,9.5741,AINRC,75.17,-1.8866,-18.7993,AINRC,80.93,8.479,14.3967,-7.519999999999996,5.760000000000005,-13.535499999999999,10.365599999999999,1,0,1,2,2,2
TA-AC0887,Tamil Nadu,Rural,INC,95.0,15.7081,8.8511,INC,90.35,7.3412,-11.6207,INC,95.0,15.7081,11.6207,-4.650000000000006,4.650000000000006,-8.366900000000001,8.366900000000001,0,0,1,2,3,7
TA-AC0888,Tamil Nadu,Rural,AIADMK,85.42,4.9518,1.2589,INC,83.52,1.5206,-4.7655,DMK,78.3,-7.8724,-13.0459,-1.9000000000000057,-5.219999999999999,-3.4312000000000005,-9.393,1,1,0,2,3,7
WE-AC0889,West Bengal,Urban,CPIM,61.34,30.3932,-4.2416,CPIM,65.18,37.3079,9.6038,CPIM,65.02,37.0116,-0.4115,3.8400000000000034,-0.1600000000000108,6.914699999999996,-0.2962999999999951,0,0,1,0,4,5
PU-AC0890,Puducherry,Semi-Urban,INC,66.45,4.1971,3.9387,INC,69.76,10.1682,8.2932,INC,67.24,5.6203,-6.3165,3.3100000000000023,-2.5200000000000102,5.971100000000001,-4.5479,0,0,1,1,2,7
WE-AC0891,West Bengal,Semi-Urban,TMC,81.52,14.817,8.7556,TMC,88.84,27.9954,18.3033,TMC,86.08,23.0249,-6.9034,7.320000000000007,-2.760000000000005,13.1784,-4.970500000000001,0,0,1,1,4,9
PU-AC0892,Puducherry,Rural,AINRC,89.25,26.6202,-4.1252,AINRC,88.63,25.5102,-1.5417,AINRC,84.84,18.6866,-9.4772,-0.6200000000000045,-3.789999999999992,-1.1099999999999994,-6.8236000000000026,0,0,1,2,2,2
AS-AC0893,Assam,Rural,INC,79.41,-8.5424,-14.3629,AGP,80.48,-6.6107,2.6829,BJP,77.19,-12.5345,-8.2275,1.0700000000000074,-3.2900000000000063,1.931700000000001,-5.9238,1,1,0,2,0,0
PU-AC0894,Puducherry,Semi-Urban,DMK,69.58,41.199,-5.2791,DMK,68.33,38.9617,-3.1074,DMK,65.1,33.1379,-8.0886,-1.25,-3.230000000000004,-2.2372999999999976,-5.8237999999999985,0,0,1,1,2,6
TA-AC0895,Tamil Nadu,Rural,BJP,76.24,-0.177,-3.7237,BJP,71.33,-9.0129,-12.272,INC,76.53,0.3517,13.0065,-4.909999999999997,5.200000000000003,-8.8359,9.3646,0,1,0,2,3,4
KE-AC0896,Kerala,Semi-Urban,UDF,80.24,13.6422,14.5967,UDF,82.81,18.2796,6.4408,UDF,83.43,19.3876,1.5389,2.5700000000000074,0.6200000000000045,4.637399999999998,1.1080000000000005,0,0,1,1,1,10
KE-AC0897,Kerala,Urban,UDF,63.49,8.3528,6.7074,UDF,62.36,6.3218,-2.8209,UDF,62.15,5.9457,-0.5224,-1.1300000000000026,-0.21000000000000085,-2.0310000000000006,-0.3760999999999992,0,0,1,0,1,10
PU-AC0898,Puducherry,Urban,DMK,59.59,18.2895,6.9882,DMK,65.39,28.721,14.4882,DMK,64.13,26.4524,-3.1508,5.799999999999997,-1.2600000000000051,10.4315,-2.2685999999999993,0,0,1,0,2,6
PU-AC0899,Puducherry,Rural,INC,86.21,11.1365,9.8774,INC,83.19,5.7085,-7.5389,AINRC,79.57,-0.8144,-9.0597,-3.019999999999996,-3.6200000000000045,-5.428,-6.5229,0,1,0,2,2,7
TA-AC0900,Tamil Nadu,Rural,DMK,71.52,-3.4471,-10.1952,DMK,75.66,3.9965,10.3383,DMK,79.26,10.4875,9.0153,4.140000000000001,3.6000000000000085,7.4436,6.4910000000000005,0,0,1,2,3,6
TA-AC0901,Tamil Nadu,Urban,DMK,58.19,8.9209,-1.4138,DMK,56.55,5.9752,-4.0913,DMK,57.2,7.1309,1.6051,-1.6400000000000006,0.6500000000000057,-2.9456999999999995,1.1556999999999995,0,0,1,0,3,6
PU-AC0902,Puducherry,Rural,BJP,69.88,7.5339,5.5475,BJP,73.66,14.3411,9.4545,BJP,71.17,9.8627,-6.2199,3.780000000000001,-2.489999999999995,6.807200000000001,-4.478400000000001,0,0,1,2,2,4
PU-AC0903,Puducherry,Urban,INC,53.27,3.2901,-12.0088,BJP,48.65,-5.0219,-11.5445,BJP,57.69,11.2376,22.5827,-4.6200000000000045,9.04,-8.312,16.2595,1,0,1,0,2,4
PU-AC0904,Puducherry,Rural,DMK,77.88,26.447,14.1893,DMK,79.28,28.9601,3.4904,DMK,80.38,30.9327,2.7398,1.4000000000000057,1.0999999999999943,2.5131000000000014,1.9726,0,0,1,2,2,6
TA-AC0905,Tamil Nadu,Urban,AIADMK,68.16,33.5766,13.5782,AIADMK,67.91,33.1254,-0.6267,AIADMK,65.31,28.4391,-6.5088,-0.25,-2.5999999999999943,-0.45120000000000005,-4.686299999999999,0,0,1,0,3,1
KE-AC0906,Kerala,Rural,INC,79.19,0.906,-5.7626,INC,83.09,7.9142,9.7337,INC,85.58,12.4063,6.239,3.9000000000000057,2.489999999999995,7.0082,4.4921,0,0,1,2,1,7
AS-AC0907,Assam,Rural,BJP,82.64,2.0939,-4.0961,AGP,81.93,0.8042,-1.7913,BJP,77.86,-6.5108,-10.1597,-0.7099999999999937,-4.070000000000007,-1.2897,-7.3149999999999995,1,1,0,2,0,0
TA-AC0908,Tamil Nadu,Rural,AIADMK,69.15,-8.854,-19.6403,DMK,62.21,-21.3307,-17.3287,BJP,69.82,-7.6426,19.0112,-6.940000000000005,7.609999999999992,-12.476700000000001,13.6881,1,1,0,2,3,6
WE-AC0909,West Bengal,Urban,TMC,76.1,16.8814,17.8735,TMC,75.12,15.1078,-2.4634,CPIM,65.91,-1.4628,-23.0147,-0.9799999999999898,-9.210000000000008,-1.7736,-16.5706,0,1,0,0,4,9
WE-AC0910,West Bengal,Rural,CPIM,83.19,23.0758,9.5538,CPIM,73.32,5.319,-24.6622,CPIM,76.89,11.7435,8.9229,-9.870000000000005,3.5700000000000074,-17.756800000000002,6.424499999999999,0,0,1,2,4,5
AS-AC0911,Assam,Urban,AGP,53.04,-0.3342,-6.1412,INC,48.73,-8.1083,-10.7973,BJP,49.45,-6.8107,1.8022,-4.310000000000002,0.720000000000006,-7.7741,1.2976,1,1,0,0,0,7
AS-AC0912,Assam,Rural,INC,87.63,8.8888,3.3693,INC,82.57,-0.2329,-12.669,BJP,84.32,2.9255,4.3867,-5.060000000000002,1.75,-9.1217,3.1584,0,1,0,2,0,7
TA-AC0913,Tamil Nadu,Rural,INC,82.06,15.6569,17.2755,INC,85.95,22.6619,9.7291,INC,82.25,16.0075,-9.2422,3.8900000000000006,-3.700000000000003,7.004999999999999,-6.654399999999999,0,0,1,2,3,7
WE-AC0914,West Bengal,Rural,TMC,75.02,-0.9642,-3.0931,CPIM,77.86,4.1596,7.1164,BJP,75.87,0.5658,-4.9914,2.8400000000000034,-1.9899999999999949,5.1238,-3.5938000000000003,1,1,0,2,4,5
PU-AC0915,Puducherry,Rural,DMK,79.26,12.7063,3.2115,DMK,83.02,19.4714,9.396,DMK,76.87,8.3981,-15.3795,3.759999999999991,-6.1499999999999915,6.765099999999999,-11.0733,0,0,1,2,2,6
TA-AC0916,Tamil Nadu,Semi-Urban,BJP,57.1,-0.1346,-15.2796,BJP,57.33,0.2804,0.5763,INC,55.24,-3.4829,-5.2267,0.22999999999999687,-2.0899999999999963,0.415,-3.7633,0,1,0,1,3,4
KE-AC0917,Kerala,Rural,UDF,74.54,-6.9841,-16.4898,INC,76.83,-2.8629,5.7239,BJP,73.39,-9.059,-8.6057,2.289999999999992,-3.4399999999999977,4.1212,-6.1960999999999995,1,1,0,2,1,7
PU-AC0918,Puducherry,Rural,DMK,88.72,2.2724,-0.6968,DMK,94.85,13.31,15.33,DMK,95.0,13.5734,0.3658,6.1299999999999955,0.15000000000000568,11.037600000000001,0.26339999999999897,0,0,1,2,2,6
AS-AC0919,Assam,Semi-Urban,AGP,72.87,9.4544,7.2123,INC,67.1,-0.9315,-14.4248,AIUDF,67.56,-0.1035,1.15,-5.77000000000001,0.46000000000000796,-10.3859,0.828,1,1,0,1,0,7
AS-AC0920,Assam,Urban,BJP,59.92,14.9575,3.6329,BJP,57.22,10.0958,-6.7524,BJP,52.35,1.3254,-12.1811,-2.700000000000003,-4.869999999999997,-4.861699999999999,-8.7704,0,0,0,0,0,4
KE-AC0921,Kerala,Rural,LDF,75.23,17.8709,-9.1737,LDF,73.8,15.3119,-3.5541,LDF,79.75,26.0203,14.8728,-1.4300000000000068,5.950000000000003,-2.5589999999999993,10.7084,0,0,1,2,1,8
TA-AC0922,Tamil Nadu,Semi-Urban,DMK,73.55,41.6637,13.7341,DMK,74.82,43.9518,3.178,DMK,72.17,39.1744,-6.6353,1.269999999999996,-2.6499999999999915,2.2881,-4.7774,0,0,1,1,3,6
TA-AC0923,Tamil Nadu,Semi-Urban,DMK,71.36,5.4734,4.166,AIADMK,68.28,-0.0788,-7.7114,BJP,63.38,-8.8844,-12.2301,-3.0799999999999983,-4.899999999999999,-5.5522,-8.8056,1,1,0,1,3,1
KE-AC0924,Kerala,Rural,BJP,73.58,-8.3956,-19.5468,UDF,70.68,-13.6155,-7.2499,LDF,69.37,-15.9741,-3.2758,-2.8999999999999915,-1.3100000000000023,-5.219900000000001,-2.358599999999999,1,1,0,2,1,10
AS-AC0925,Assam,Urban,BJP,71.71,10.8193,8.6807,BJP,79.33,24.5434,19.0613,BJP,77.4,21.0635,-4.8332,7.6200000000000045,-1.9299999999999926,13.724099999999998,-3.479899999999997,0,0,1,0,0,4
PU-AC0926,Puducherry,Urban,INC,66.52,-0.6651,-4.851,BJP,69.04,3.8783,6.3103,BJP,72.58,10.2474,8.846,2.5200000000000102,3.539999999999992,4.5434,6.369100000000001,1,0,1,0,2,4
TA-AC0927,Tamil Nadu,Urban,BJP,60.07,5.0876,-1.9732,AIADMK,55.75,-2.6808,-10.7895,INC,53.19,-7.3003,-6.416,-4.32,-2.5600000000000023,-7.7684,-4.6195,1,1,0,0,3,1
AS-AC0928,Assam,Rural,INC,94.31,12.4541,15.1888,INC,95.0,13.6965,1.7256,INC,94.66,13.0842,-0.8504,0.6899999999999977,-0.3400000000000034,1.2424,-0.6123000000000012,0,0,1,2,0,7
KE-AC0929,Kerala,Urban,LDF,75.11,23.6824,25.4039,LDF,75.38,24.1745,0.6835,LDF,82.19,36.4176,17.0043,0.269999999999996,6.810000000000002,0.4920999999999971,12.243100000000002,0,0,1,0,1,8
PU-AC0930,Puducherry,Urban,AINRC,63.39,11.4675,8.0705,AINRC,67.86,19.5293,11.1969,AINRC,69.0,21.5673,2.8305,4.469999999999999,1.1400000000000006,8.0618,2.0380000000000003,0,0,1,0,2,2
TA-AC0931,Tamil Nadu,Urban,INC,64.55,2.7593,0.111,INC,62.75,-0.4743,-4.4911,AIADMK,63.56,0.9817,2.0223,-1.7999999999999972,0.8100000000000023,-3.2336,1.456,0,1,0,0,3,7
KE-AC0932,Kerala,Semi-Urban,UDF,69.77,11.5351,6.6216,UDF,69.7,11.4109,-0.1725,UDF,68.09,8.5161,-4.0205,-0.06999999999999318,-1.6099999999999994,-0.12420000000000009,-2.8948,0,0,1,1,1,10
PU-AC0933,Puducherry,Urban,DMK,57.39,3.1415,-4.9188,AINRC,53.77,-3.3667,-9.0391,AINRC,46.58,-16.3153,-17.9841,-3.6199999999999974,-7.190000000000005,-6.5082,-12.9486,1,0,0,0,2,2
PU-AC0934,Puducherry,Semi-Urban,INC,67.7,9.5265,-1.9765,INC,69.93,13.5358,5.5685,DMK,61.8,-1.0969,-20.3232,2.230000000000004,-8.13000000000001,4.0093,-14.6327,0,1,0,1,2,7
PU-AC0935,Puducherry,Urban,INC,69.35,3.7874,-2.4096,INC,74.22,12.5565,12.1793,INC,76.14,16.0125,4.8,4.8700000000000045,1.9200000000000017,8.7691,3.4559999999999995,0,0,1,0,2,7
AS-AC0936,Assam,Semi-Urban,AGP,52.69,-0.3786,-10.8984,AIUDF,55.02,3.8145,5.8238,AIUDF,57.09,7.5316,5.1626,2.3300000000000054,2.0700000000000003,4.193099999999999,3.7171000000000003,1,0,1,1,0,3
TA-AC0937,Tamil Nadu,Semi-Urban,AIADMK,78.01,13.5881,5.9256,AIADMK,77.87,13.3351,-0.3514,AIADMK,75.83,9.6572,-5.1082,-0.14000000000000057,-2.0400000000000063,-0.2530000000000001,-3.677900000000001,0,0,1,1,3,1
KE-AC0938,Kerala,Semi-Urban,LDF,79.76,18.3638,-0.6285,LDF,77.91,15.0332,-4.6259,LDF,81.97,22.3394,10.1476,-1.8500000000000085,4.060000000000002,-3.3306000000000004,7.3062000000000005,0,0,1,1,1,8
KE-AC0939,Kerala,Urban,UDF,61.54,8.5882,2.4504,UDF,60.46,6.6445,-2.6995,INC,54.29,-4.4683,-15.4345,-1.0799999999999983,-6.170000000000002,-1.9437000000000006,-11.1128,0,1,0,0,1,10
WE-AC0940,West Bengal,Rural,INC,76.68,6.9833,2.6918,INC,75.81,5.4296,-2.1579,BJP,71.1,-3.0503,-11.7776,-0.8700000000000045,-4.710000000000008,-1.5537,-8.4799,0,1,0,2,4,7
KE-AC0941,Kerala,Rural,LDF,70.98,-2.5817,-9.603,INC,66.0,-11.5449,-12.4489,BJP,66.0,-11.5388,0.0085,-4.980000000000004,0.0,-8.9632,0.006099999999999994,1,1,0,2,1,7
AS-AC0942,Assam,Semi-Urban,INC,84.21,11.0519,6.899,AIUDF,79.99,3.4644,-10.5382,AIUDF,84.1,10.8546,10.2642,-4.219999999999999,4.109999999999999,-7.5875,7.3902,1,0,1,1,0,3
PU-AC0943,Puducherry,Urban,DMK,69.26,23.5665,9.625,DMK,64.35,14.738,-12.2618,DMK,73.14,30.5539,21.9665,-4.910000000000011,8.790000000000006,-8.828500000000002,15.8159,0,0,1,0,2,6
PU-AC0944,Puducherry,Rural,DMK,83.5,7.9558,7.0517,INC,74.58,-8.1025,-22.3032,INC,82.1,5.4393,18.808,-8.920000000000002,7.519999999999996,-16.0583,13.541799999999999,1,0,1,2,2,7
PU-AC0945,Puducherry,Urban,DMK,61.66,25.1954,-0.9119,DMK,64.59,30.4807,7.3407,DMK,67.65,35.9912,7.6535,2.930000000000007,3.0600000000000023,5.285299999999999,5.5105,0,0,1,0,2,6
AS-AC0946,Assam,Rural,AIUDF,79.78,3.9492,-6.9631,INC,77.75,0.2964,-5.0733,AIUDF,68.54,-16.2778,-23.0198,-2.030000000000001,-9.209999999999994,-3.6528,-16.574199999999998,1,1,0,2,0,7
TA-AC0947,Tamil Nadu,Rural,INC,74.62,-1.3045,-3.9361,INC,76.15,1.449,3.8243,INC,70.9,-7.9986,-13.1216,1.5300000000000011,-5.25,2.7535,-9.4476,0,0,0,2,3,7
PU-AC0948,Puducherry,Rural,BJP,79.7,2.0131,-1.1676,INC,73.39,-9.3602,-15.7963,AINRC,71.02,-13.6176,-5.913,-6.310000000000002,-2.3700000000000045,-11.3733,-4.257399999999999,1,1,0,2,2,7
PU-AC0949,Puducherry,Rural,DMK,71.47,3.3925,-7.9126,DMK,73.63,7.2903,5.4136,DMK,72.43,5.1124,-3.0249,2.1599999999999966,-1.1999999999999886,3.8978,-2.1779,0,0,1,2,2,6
PU-AC0950,Puducherry,Semi-Urban,INC,70.1,-2.6079,-9.4603,DMK,71.97,0.7505,4.6645,BJP,71.48,-0.1172,-1.2051,1.8700000000000045,-0.4899999999999949,3.3583999999999996,-0.8676999999999999,1,1,0,1,2,6
WE-AC0951,West Bengal,Rural,INC,82.75,9.5331,1.3505,INC,81.54,7.355,-3.0251,BJP,79.01,2.8096,-6.3131,-1.2099999999999937,-2.530000000000001,-2.178099999999999,-4.545400000000001,0,1,0,2,4,7
WE-AC0952,West Bengal,Urban,INC,65.23,16.6457,4.8075,INC,66.25,18.4932,2.566,INC,74.31,32.9889,20.133,1.019999999999996,8.060000000000002,1.8475000000000001,14.4957,0,0,1,0,4,7
PU-AC0953,Puducherry,Urban,DMK,62.38,12.0015,-0.8471,DMK,63.01,13.1372,1.5774,DMK,64.25,15.362,3.0901,0.6299999999999955,1.240000000000002,1.1357,2.2248,0,0,1,0,2,6
PU-AC0954,Puducherry,Urban,INC,62.72,5.9325,0.672,DMK,58.84,-1.0471,-9.6939,INC,53.9,-9.9309,-12.3386,-3.8799999999999955,-4.940000000000005,-6.9796,-8.883799999999999,1,1,0,0,2,6
WE-AC0955,West Bengal,Semi-Urban,BJP,86.89,18.026,10.6034,BJP,87.75,19.5682,2.1419,BJP,89.96,23.5562,5.5389,0.8599999999999994,2.2099999999999937,1.5422000000000011,3.9879999999999995,0,0,1,1,4,4
PU-AC0956,Puducherry,Urban,BJP,63.11,0.7722,-0.8675,BJP,67.64,8.9388,11.3425,BJP,67.03,7.8434,-1.5214,4.530000000000001,-0.6099999999999994,8.1666,-1.0954000000000006,0,0,1,0,2,4
PU-AC0957,Puducherry,Semi-Urban,INC,74.8,11.1758,7.9961,INC,74.14,10.0,-1.6331,INC,78.89,18.538,11.8583,-0.6599999999999966,4.75,-1.1758000000000006,8.538,0,0,1,1,2,7
PU-AC0958,Puducherry,Rural,BJP,78.06,10.3499,0.324,BJP,83.91,20.8781,14.6225,BJP,82.75,18.7868,-2.9045,5.849999999999994,-1.1599999999999966,10.5282,-2.0913000000000004,0,0,1,2,2,4
WE-AC0959,West Bengal,Semi-Urban,BJP,70.83,1.6637,-3.4271,CPIM,71.67,3.1755,2.0997,CPIM,77.51,13.685,14.5965,0.8400000000000034,5.840000000000003,1.5118,10.509500000000001,1,0,1,1,4,5
PU-AC0960,Puducherry,Rural,DMK,85.05,16.6917,9.8348,DMK,89.19,24.1373,10.3411,DMK,91.56,28.4,5.9204,4.140000000000001,2.3700000000000045,7.445599999999999,4.262699999999999,0,0,1,2,2,6
AS-AC0961,Assam,Rural,BJP,82.29,29.3014,11.9717,BJP,79.06,23.4867,-8.0759,BJP,78.17,21.8777,-2.2347,-3.230000000000004,-0.8900000000000006,-5.814700000000002,-1.6089999999999982,0,0,1,2,0,4
KE-AC0962,Kerala,Rural,BJP,65.1,-3.166,-15.7937,LDF,63.22,-6.5499,-4.6998,LDF,64.0,-5.1464,1.9493,-1.8799999999999955,0.7800000000000011,-3.3839,1.4035000000000002,1,0,0,2,1,8
PU-AC0963,Puducherry,Rural,DMK,80.43,10.8061,9.4226,DMK,80.33,10.6334,-0.2399,INC,77.01,4.6638,-8.2911,-0.10000000000000853,-3.319999999999993,-0.17270000000000074,-5.9696,0,1,0,2,2,6
AS-AC0964,Assam,Rural,BJP,69.25,-4.1545,-7.9637,INC,71.89,0.595,6.5965,AGP,70.2,-2.4492,-4.228,2.6400000000000006,-1.6899999999999977,4.749499999999999,-3.0442,1,1,0,2,0,7
PU-AC0965,Puducherry,Rural,DMK,75.59,-2.0194,-4.4028,DMK,72.93,-6.819,-6.6661,DMK,71.66,-9.1004,-3.1686,-2.6599999999999966,-1.2700000000000102,-4.7996,-2.2814000000000005,0,0,0,2,2,6
TA-AC0966,Tamil Nadu,Rural,BJP,90.95,12.9245,1.5809,BJP,94.23,18.8266,8.1974,BJP,93.45,17.4192,-1.9547,3.280000000000001,-0.7800000000000011,5.902099999999999,-1.407399999999999,0,0,1,2,3,4
KE-AC0967,Kerala,Rural,UDF,72.84,-4.4852,-21.5328,UDF,69.03,-11.3378,-9.5174,INC,76.28,1.705,18.115,-3.8100000000000023,7.25,-6.8526,13.0428,0,1,0,2,1,10
AS-AC0968,Assam,Rural,AIUDF,77.44,6.2151,2.1158,BJP,72.58,-2.538,-12.1571,BJP,72.41,-2.8413,-0.4213,-4.859999999999999,-0.1700000000000017,-8.7531,-0.3033000000000001,1,0,0,2,0,4
WE-AC0969,West Bengal,Rural,CPIM,82.23,7.8186,8.2722,CPIM,91.11,23.8124,22.2136,CPIM,91.82,25.0873,1.7708,8.879999999999995,0.7099999999999937,15.9938,1.2748999999999988,0,0,1,2,4,5
KE-AC0970,Kerala,Rural,UDF,84.15,9.0241,4.8892,BJP,79.12,-0.0354,-12.5827,UDF,75.88,-5.8595,-8.089,-5.030000000000001,-3.240000000000009,-9.0595,-5.8241,1,1,0,2,1,4
PU-AC0971,Puducherry,Urban,DMK,51.1,0.8611,-6.9783,DMK,53.25,4.7317,5.3759,DMK,55.47,8.7133,5.53,2.1499999999999986,2.219999999999999,3.8706,3.9816000000000003,0,0,1,0,2,6
TA-AC0972,Tamil Nadu,Semi-Urban,INC,61.61,1.826,-5.4782,BJP,62.66,3.7162,2.6253,DMK,55.84,-8.5552,-17.0437,1.0499999999999972,-6.819999999999993,1.8902,-12.2714,1,1,0,1,3,4
AS-AC0973,Assam,Rural,BJP,88.81,6.8817,6.848,BJP,88.81,6.8777,-0.0056,BJP,91.09,10.9962,5.7201,0.0,2.280000000000001,-0.004000000000000448,4.1185,0,0,1,2,0,4
PU-AC0974,Puducherry,Rural,DMK,82.29,36.3043,8.5754,DMK,82.21,36.1569,-0.2047,DMK,84.71,40.65,6.2405,-0.0800000000000125,2.5,-0.14739999999999753,4.493099999999998,0,0,1,2,2,6
KE-AC0975,Kerala,Semi-Urban,INC,71.66,1.4948,0.2999,INC,83.5,22.8131,29.6087,INC,86.71,28.5904,8.0241,11.840000000000003,3.2099999999999937,21.318299999999997,5.7773,0,0,1,1,1,7
TA-AC0976,Tamil Nadu,Rural,AIADMK,74.16,-2.4233,-10.742,AIADMK,80.57,9.12,16.0323,BJP,76.95,2.6027,-9.0518,6.409999999999997,-3.6199999999999903,11.543299999999999,-6.517299999999999,0,1,0,2,3,1
PU-AC0977,Puducherry,Rural,BJP,77.88,20.7409,0.2208,BJP,75.49,16.439,-5.9749,BJP,74.81,15.2198,-1.6933,-2.3900000000000006,-0.6799999999999926,-4.3019,-1.2192000000000007,0,0,1,2,2,4
KE-AC0978,Kerala,Rural,BJP,80.36,1.4396,-14.7133,BJP,82.83,5.8732,6.1578,BJP,87.55,14.3847,11.8215,2.469999999999999,4.719999999999999,4.4336,8.511500000000002,0,0,1,2,1,4
KE-AC0979,Kerala,Rural,INC,80.5,25.0637,8.9851,INC,77.2,19.1177,-8.2583,INC,84.59,32.4118,18.464,-3.299999999999997,7.390000000000001,-5.9460000000000015,13.2941,0,0,1,2,1,7
WE-AC0980,West Bengal,Urban,CPIM,63.14,8.7347,-2.6629,CPIM,65.29,12.5901,5.3547,CPIM,69.08,19.4191,9.4847,2.1500000000000057,3.789999999999992,3.8553999999999995,6.829000000000001,0,0,1,0,4,5
WE-AC0981,West Bengal,Semi-Urban,INC,78.44,17.4881,11.0006,INC,73.99,9.4772,-11.1262,INC,76.57,14.1147,6.441,-4.450000000000003,2.5799999999999983,-8.0109,4.637499999999999,0,0,1,1,4,7
PU-AC0982,Puducherry,Urban,INC,67.83,12.0954,13.98,INC,56.71,-7.9185,-27.7971,DMK,52.57,-15.3576,-10.3321,-11.119999999999997,-4.140000000000001,-20.0139,-7.4391,0,1,0,0,2,7
AS-AC0983,Assam,Urban,AIUDF,54.18,0.6811,-7.7242,AIUDF,59.63,10.4964,13.6323,AIUDF,62.09,14.9195,6.1432,5.450000000000003,2.460000000000001,9.815299999999999,4.4231,0,0,1,0,0,3
KE-AC0984,Kerala,Rural,UDF,73.83,-1.3119,-7.6204,INC,72.19,-4.2746,-4.1149,BJP,74.35,-0.3762,5.4144,-1.6400000000000006,2.1599999999999966,-2.9627000000000003,3.8984000000000005,1,1,0,2,1,7
PU-AC0985,Puducherry,Semi-Urban,AINRC,64.45,-4.7657,-8.3041,INC,61.64,-9.8362,-7.0424,INC,62.23,-8.7701,1.4806,-2.8100000000000023,0.5899999999999963,-5.0705,1.0661000000000005,1,0,0,1,2,7
PU-AC0986,Puducherry,Semi-Urban,INC,69.18,4.2317,-0.1143,INC,76.57,17.5291,18.4687,INC,77.84,19.8181,3.1791,7.389999999999986,1.2700000000000102,13.2974,2.2890000000000015,0,0,1,1,2,7
AS-AC0987,Assam,Rural,AIUDF,81.1,12.9472,9.9046,AIUDF,80.18,11.2883,-2.3041,BJP,75.34,2.588,-12.0838,-0.9199999999999875,-4.840000000000003,-1.658900000000001,-8.700299999999999,0,1,0,2,0,3
TA-AC0988,Tamil Nadu,Rural,INC,78.76,1.0577,-6.3085,AIADMK,80.49,4.1706,4.3235,INC,77.62,-0.9931,-7.1718,1.7299999999999898,-2.8699999999999903,3.1129000000000002,-5.1637,1,1,0,2,3,1
TA-AC0989,Tamil Nadu,Urban,AIADMK,69.38,38.6278,-1.4093,AIADMK,68.84,37.6572,-1.348,AIADMK,62.06,25.4463,-16.9596,-0.539999999999992,-6.780000000000001,-0.9705999999999975,-12.210900000000002,0,0,1,0,3,1
AS-AC0990,Assam,Rural,BJP,77.48,2.1123,-3.1779,BJP,81.9,10.0734,11.0571,BJP,80.65,7.8157,-3.1356,4.420000000000002,-1.25,7.9611,-2.2577,0,0,1,2,0,4
AS-AC0991,Assam,Urban,INC,62.45,16.7371,10.8901,INC,56.18,5.4389,-15.6919,AGP,55.21,3.7046,-2.4088,-6.270000000000003,-0.9699999999999989,-11.298200000000001,-1.7343000000000002,0,1,0,0,0,7
TA-AC0992,Tamil Nadu,Rural,BJP,74.26,-14.9936,-22.9193,AIADMK,75.38,-12.9712,2.8088,AIADMK,79.99,-4.6819,11.5129,1.1199999999999903,4.609999999999999,2.022400000000001,8.2893,1,0,0,2,3,1
TA-AC0993,Tamil Nadu,Semi-Urban,DMK,69.65,-2.8551,-5.9144,AIADMK,72.73,2.6891,7.7002,INC,73.35,3.8004,1.5434,3.0799999999999983,0.6199999999999903,5.5442,1.1113,1,1,0,1,3,1
PU-AC0994,Puducherry,Semi-Urban,AINRC,75.13,25.0871,5.3748,AINRC,72.81,20.9222,-5.7846,AINRC,72.5,20.3642,-0.7749,-2.319999999999993,-0.3100000000000023,-4.164899999999999,-0.5579999999999998,0,0,1,1,2,2
PU-AC0995,Puducherry,Urban,BJP,68.88,15.6072,19.5471,BJP,67.72,13.5133,-2.9081,BJP,66.19,10.7604,-3.8234,-1.1599999999999966,-1.5300000000000011,-2.0939000000000014,-2.7528999999999986,0,0,1,0,2,4
WE-AC0996,West Bengal,Rural,TMC,81.2,7.7282,-4.9435,TMC,83.52,11.9049,5.8009,TMC,85.55,15.5629,5.0805,2.319999999999993,2.030000000000001,4.176699999999999,3.6580000000000013,0,0,1,2,4,9
KE-AC0997,Kerala,Rural,BJP,90.68,11.974,14.0903,BJP,86.93,5.2213,-9.3787,BJP,89.87,10.5196,7.3588,-3.75,2.9399999999999977,-6.7527,5.2983,0,0,1,2,1,4
KE-AC0998,Kerala,Rural,INC,80.11,-2.3616,-4.75,LDF,71.78,-17.3524,-20.8205,BJP,74.47,-12.5127,6.7217,-8.329999999999998,2.6899999999999977,-14.9908,4.839699999999999,1,1,0,2,1,8
AS-AC0999,Assam,Urban,AIUDF,63.74,-2.7192,-5.2739,BJP,63.72,-2.756,-0.0511,AGP,65.31,0.1151,3.9876,-0.020000000000003126,1.5900000000000034,-0.036799999999999944,2.8710999999999998,1,1,0,0,0,4
WE-AC1000,West Bengal,Urban,INC,63.31,16.0629,5.2731,INC,63.52,16.4399,0.5236,INC,63.82,16.9944,0.7701,0.21000000000000085,0.29999999999999716,0.37700000000000244,0.5544999999999973,0,0,1,0,4,7
